"","PID","Stage","OwnPhone","Phone.OS","Age.FirstPhone","Platform","TimeOnApp","CheckingApp","TimeOnPhone","CheckingPhone","MessagesSent","MessagesReceived","NotifsPerDay","NewPosts","Reposts","CheckInFreeTime","CheckInConvo","Time.Streaming","Problem.MissedPlans","Problem.Concentrating","Problem.Pain","Problem.Separation","Problem.Impatient","Problem.Thoughts","Problem.Addiction","Problem.FOMO","Problem.Time","Problem.Social"
"1","A-019","One Week Post-Exposure","Yes, I have a smartphone with me.","iPhone","11","Instagram",5,4,5,7,100,125,30,8,8,5,3,5,4,3,2,6,6,3,4,6,6,3
"2","A-019","One Week Post-Exposure","Yes, I have a smartphone with me.","iPhone","11","Twitter",0,N/A,5,7,100,125,30,8,8,5,3,5,4,3,2,6,6,3,4,6,6,3
"3","A-019","One Week Post-Exposure","Yes, I have a smartphone with me.","iPhone","11","Snapchat",7,5,5,7,100,125,30,8,8,5,3,5,4,3,2,6,6,3,4,6,6,3
"4","A-019","One Week Post-Exposure","Yes, I have a smartphone with me.","iPhone","11","Youtube",7,4,5,7,100,125,30,8,8,5,3,5,4,3,2,6,6,3,4,6,6,3
"5","A-019","One Week Post-Exposure","Yes, I have a smartphone with me.","iPhone","11","LinkedIn",1,1,5,7,100,125,30,8,8,5,3,5,4,3,2,6,6,3,4,6,6,3
"6","A-012","One Week Post-Exposure","Yes, I have a smartphone with me.","iPhone","16","Instagram",5,5,5,6,200,200,100,2,2,4,3,0,5,5,3,2,2,5,5,2,5,2
"7","A-012","One Week Post-Exposure","Yes, I have a smartphone with me.","iPhone","16","Twitter",3,N/A,5,6,200,200,100,2,2,4,3,0,5,5,3,2,2,5,5,2,5,2
"8","A-012","One Week Post-Exposure","Yes, I have a smartphone with me.","iPhone","16","Snapchat",3,2,5,6,200,200,100,2,2,4,3,0,5,5,3,2,2,5,5,2,5,2
"9","A-012","One Week Post-Exposure","Yes, I have a smartphone with me.","iPhone","16","Tiktok",5,3,5,6,200,200,100,2,2,4,3,0,5,5,3,2,2,5,5,2,5,2
"10","A-016","One Week Post-Exposure","Yes, I have a smartphone with me.","iPhone","13","Instagram",4,4,6,6,40,40,25,3,3,4,3,5,6,5,4,2,2,5,3,5,6,4
"11","A-016","One Week Post-Exposure","Yes, I have a smartphone with me.","iPhone","13","Facebook",3,3,6,6,40,40,25,3,3,4,3,5,6,5,4,2,2,5,3,5,6,4
"12","A-016","One Week Post-Exposure","Yes, I have a smartphone with me.","iPhone","13","Snapchat",5,4,6,6,40,40,25,3,3,4,3,5,6,5,4,2,2,5,3,5,6,4
"13","A-016","One Week Post-Exposure","Yes, I have a smartphone with me.","iPhone","13","Tiktok",6,4,6,6,40,40,25,3,3,4,3,5,6,5,4,2,2,5,3,5,6,4
"14","A-016","One Week Post-Exposure","Yes, I have a smartphone with me.","iPhone","13","Youtube",1,1,6,6,40,40,25,3,3,4,3,5,6,5,4,2,2,5,3,5,6,4
"15","A-016","One Week Post-Exposure","Yes, I have a smartphone with me.","iPhone","13","Reddit",1,1,6,6,40,40,25,3,3,4,3,5,6,5,4,2,2,5,3,5,6,4
"16","A-011","One Week Post-Exposure","Yes, I have a smartphone with me.","iPhone","14","Instagram",3,4,6,9,50,50,40,3,3,5,3,4,2,5,2,6,4,5,5,6,5,2
"17","A-011","One Week Post-Exposure","Yes, I have a smartphone with me.","iPhone","14","Snapchat",6,7,6,9,50,50,40,3,3,5,3,4,2,5,2,6,4,5,5,6,5,2
"18","A-011","One Week Post-Exposure","Yes, I have a smartphone with me.","iPhone","14","Tiktok",6,2,6,9,50,50,40,3,3,5,3,4,2,5,2,6,4,5,5,6,5,2
"19","A-011","One Week Post-Exposure","Yes, I have a smartphone with me.","iPhone","14","Youtube",5,1,6,9,50,50,40,3,3,5,3,4,2,5,2,6,4,5,5,6,5,2
"20","A-011","One Week Post-Exposure","Yes, I have a smartphone with me.","iPhone","14","Reddit",0,0,6,9,50,50,40,3,3,5,3,4,2,5,2,6,4,5,5,6,5,2
"21","A-011","One Week Post-Exposure","Yes, I have a smartphone with me.","iPhone","14","Pinterest",0,0,6,9,50,50,40,3,3,5,3,4,2,5,2,6,4,5,5,6,5,2
"22","A-018","One Week Post-Exposure","Yes, I have a smartphone with me.","iPhone","12","Instagram",3,4,12,7,70,250,150,5,4,4,4,0,3,5,2,4,3,2,2,6,6,5
"23","A-018","One Week Post-Exposure","Yes, I have a smartphone with me.","iPhone","12","Snapchat",5,5,12,7,70,250,150,5,4,4,4,0,3,5,2,4,3,2,2,6,6,5
"24","A-018","One Week Post-Exposure","Yes, I have a smartphone with me.","iPhone","12","Tiktok",6,4,12,7,70,250,150,5,4,4,4,0,3,5,2,4,3,2,2,6,6,5
"25","A-018","One Week Post-Exposure","Yes, I have a smartphone with me.","iPhone","12","Youtube",6,1,12,7,70,250,150,5,4,4,4,0,3,5,2,4,3,2,2,6,6,5
"26","A-014","One Week Post-Exposure","Yes, I have a smartphone with me.","iPhone","12","Instagram",3,4,9,8,300,290,500,3,2,5,3,3,2,3,1,1,1,2,4,4,6,1
"27","A-014","One Week Post-Exposure","Yes, I have a smartphone with me.","iPhone","12","Facebook",3,4,9,8,300,290,500,3,2,5,3,3,2,3,1,1,1,2,4,4,6,1
"28","A-014","One Week Post-Exposure","Yes, I have a smartphone with me.","iPhone","12","Snapchat",3,5,9,8,300,290,500,3,2,5,3,3,2,3,1,1,1,2,4,4,6,1
"29","A-014","One Week Post-Exposure","Yes, I have a smartphone with me.","iPhone","12","Tiktok",6,3,9,8,300,290,500,3,2,5,3,3,2,3,1,1,1,2,4,4,6,1
"30","A-014","One Week Post-Exposure","Yes, I have a smartphone with me.","iPhone","12","Youtube",1,1,9,8,300,290,500,3,2,5,3,3,2,3,1,1,1,2,4,4,6,1
"31","A-014","One Week Post-Exposure","Yes, I have a smartphone with me.","iPhone","12","LinkedIn",2,1,9,8,300,290,500,3,2,5,3,3,2,3,1,1,1,2,4,4,6,1
"32","A-014","One Week Post-Exposure","Yes, I have a smartphone with me.","iPhone","12","Pinterest",0,1,9,8,300,290,500,3,2,5,3,3,2,3,1,1,1,2,4,4,6,1
"33","A-004","One Week Post-Exposure","Yes, I have a smartphone with me.","iPhone","14","Instagram",2,2,3,2,30,200,50,1,1,3,1,5,1,3,1,5,4,4,2,2,3,1
"34","A-004","One Week Post-Exposure","Yes, I have a smartphone with me.","iPhone","14","Snapchat",2,2,3,2,30,200,50,1,1,3,1,5,1,3,1,5,4,4,2,2,3,1
"35","A-004","One Week Post-Exposure","Yes, I have a smartphone with me.","iPhone","14","Youtube",5,3,3,2,30,200,50,1,1,3,1,5,1,3,1,5,4,4,2,2,3,1
"36","A-004","One Week Post-Exposure","Yes, I have a smartphone with me.","iPhone","14","LinkedIn",1,4,3,2,30,200,50,1,1,3,1,5,1,3,1,5,4,4,2,2,3,1
"37","A-013","One Week Post-Exposure","Yes, I have a smartphone with me.","iPhone","12","Instagram",1,2,6,5,10,20,30,2,3,5,3,5,4,3,2,2,2,1,1,2,5,2
"38","A-013","One Week Post-Exposure","Yes, I have a smartphone with me.","iPhone","12","Snapchat",4,6,6,5,10,20,30,2,3,5,3,5,4,3,2,2,2,1,1,2,5,2
"39","A-013","One Week Post-Exposure","Yes, I have a smartphone with me.","iPhone","12","Tiktok",7,3,6,5,10,20,30,2,3,5,3,5,4,3,2,2,2,1,1,2,5,2
"40","A-013","One Week Post-Exposure","Yes, I have a smartphone with me.","iPhone","12","Youtube",5,1,6,5,10,20,30,2,3,5,3,5,4,3,2,2,2,1,1,2,5,2
"41","A-020","One Week Post-Exposure","Yes, I have a smartphone with me.","iPhone","16","Twitter",5,N/A,8,3,5,5,10,2,2,3,3,5,2,2,2,2,2,2,2,2,2,2
"42","A-020","One Week Post-Exposure","Yes, I have a smartphone with me.","iPhone","16","Facebook",5,3,8,3,5,5,10,2,2,3,3,5,2,2,2,2,2,2,2,2,2,2
"43","A-020","One Week Post-Exposure","Yes, I have a smartphone with me.","iPhone","16","Snapchat",6,3,8,3,5,5,10,2,2,3,3,5,2,2,2,2,2,2,2,2,2,2
"44","A-025","One Week Post-Exposure","Yes, I have a smartphone with me.","iPhone","11","Instagram",5,4,5,8,50,50,20,4,5,4,3,2,1,4,1,4,2,2,2,5,5,2
"45","A-025","One Week Post-Exposure","Yes, I have a smartphone with me.","iPhone","11","Tiktok",0,1,5,8,50,50,20,4,5,4,3,2,1,4,1,4,2,2,2,5,5,2
"46","A-025","One Week Post-Exposure","Yes, I have a smartphone with me.","iPhone","11","Youtube",2,1,5,8,50,50,20,4,5,4,3,2,1,4,1,4,2,2,2,5,5,2
"47","A-025","One Week Post-Exposure","Yes, I have a smartphone with me.","iPhone","11","Pinterest",0,0,5,8,50,50,20,4,5,4,3,2,1,4,1,4,2,2,2,5,5,2
"48","A-035","One Week Post-Exposure","Yes, I have a smartphone with me.","iPhone","14","Instagram",6,4,6,6,50,50,40,2,2,4,3,5,5,4,4,5,3,3,5,4,5,2
"49","A-035","One Week Post-Exposure","Yes, I have a smartphone with me.","iPhone","14","Twitter",2,N/A,6,6,50,50,40,2,2,4,3,5,5,4,4,5,3,3,5,4,5,2
"50","A-035","One Week Post-Exposure","Yes, I have a smartphone with me.","iPhone","14","Facebook",5,3,6,6,50,50,40,2,2,4,3,5,5,4,4,5,3,3,5,4,5,2
"51","A-035","One Week Post-Exposure","Yes, I have a smartphone with me.","iPhone","14","Youtube",1,0,6,6,50,50,40,2,2,4,3,5,5,4,4,5,3,3,5,4,5,2
"52","A-035","One Week Post-Exposure","Yes, I have a smartphone with me.","iPhone","14","Reddit",3,2,6,6,50,50,40,2,2,4,3,5,5,4,4,5,3,3,5,4,5,2
"53","A-027","One Week Post-Exposure","Yes, I have a smartphone with me.","iPhone","15","Instagram",2,2,5,4,50,100,50,2,2,3,2,2,2,4,2,2,1,2,2,3,4,2
"54","A-027","One Week Post-Exposure","Yes, I have a smartphone with me.","iPhone","15","Youtube",4,2,5,4,50,100,50,2,2,3,2,2,2,4,2,2,1,2,2,3,4,2
"55","A-027","One Week Post-Exposure","Yes, I have a smartphone with me.","iPhone","15","LinkedIn",1,1,5,4,50,100,50,2,2,3,2,2,2,4,2,2,1,2,2,3,4,2
"56","A-024","One Week Post-Exposure","Yes, I have a smartphone with me.","iPhone","16","Instagram",3,2,5,6,40,40,35,3,4,3,2,0,5,4,2,6,2,4,4,2,6,2
"57","A-024","One Week Post-Exposure","Yes, I have a smartphone with me.","iPhone","16","Twitter",4,N/A,5,6,40,40,35,3,4,3,2,0,5,4,2,6,2,4,4,2,6,2
"58","A-024","One Week Post-Exposure","Yes, I have a smartphone with me.","iPhone","16","Facebook",3,2,5,6,40,40,35,3,4,3,2,0,5,4,2,6,2,4,4,2,6,2
"59","A-024","One Week Post-Exposure","Yes, I have a smartphone with me.","iPhone","16","Snapchat",3,4,5,6,40,40,35,3,4,3,2,0,5,4,2,6,2,4,4,2,6,2
"60","A-024","One Week Post-Exposure","Yes, I have a smartphone with me.","iPhone","16","Tiktok",6,4,5,6,40,40,35,3,4,3,2,0,5,4,2,6,2,4,4,2,6,2
"61","A-028","One Week Post-Exposure","Yes, I have a smartphone with me.","iPhone","13","Instagram",4,3,5.5,7,200,200,400,2,3,4,2,4,3,4,2,5,3,4,3,5,5,1
"62","A-028","One Week Post-Exposure","Yes, I have a smartphone with me.","iPhone","13","Twitter",1,N/A,5.5,7,200,200,400,2,3,4,2,4,3,4,2,5,3,4,3,5,5,1
"63","A-028","One Week Post-Exposure","Yes, I have a smartphone with me.","iPhone","13","Snapchat",5,6,5.5,7,200,200,400,2,3,4,2,4,3,4,2,5,3,4,3,5,5,1
"64","A-028","One Week Post-Exposure","Yes, I have a smartphone with me.","iPhone","13","Tiktok",3,2,5.5,7,200,200,400,2,3,4,2,4,3,4,2,5,3,4,3,5,5,1
"65","A-028","One Week Post-Exposure","Yes, I have a smartphone with me.","iPhone","13","Youtube",4,1,5.5,7,200,200,400,2,3,4,2,4,3,4,2,5,3,4,3,5,5,1
"66","A-028","One Week Post-Exposure","Yes, I have a smartphone with me.","iPhone","13","Reddit",1,1,5.5,7,200,200,400,2,3,4,2,4,3,4,2,5,3,4,3,5,5,1
"67","A-028","One Week Post-Exposure","Yes, I have a smartphone with me.","iPhone","13","LinkedIn",0,0,5.5,7,200,200,400,2,3,4,2,4,3,4,2,5,3,4,3,5,5,1
"68","A-026","One Week Post-Exposure","Yes, I have a smartphone with me.","iPhone","13","Instagram",5,3,3,6,100,115,60,3,2,4,4,7,6,5,4,2,5,3,3,5,5,2
"69","A-026","One Week Post-Exposure","Yes, I have a smartphone with me.","iPhone","13","Facebook",0,0,3,6,100,115,60,3,2,4,4,7,6,5,4,2,5,3,3,5,5,2
"70","A-026","One Week Post-Exposure","Yes, I have a smartphone with me.","iPhone","13","Snapchat",5,3,3,6,100,115,60,3,2,4,4,7,6,5,4,2,5,3,3,5,5,2
"71","A-026","One Week Post-Exposure","Yes, I have a smartphone with me.","iPhone","13","Tiktok",5,2,3,6,100,115,60,3,2,4,4,7,6,5,4,2,5,3,3,5,5,2
"72","A-026","One Week Post-Exposure","Yes, I have a smartphone with me.","iPhone","13","Youtube",6,2,3,6,100,115,60,3,2,4,4,7,6,5,4,2,5,3,3,5,5,2
"73","A-026","One Week Post-Exposure","Yes, I have a smartphone with me.","iPhone","13","Pinterest",2,1,3,6,100,115,60,3,2,4,4,7,6,5,4,2,5,3,3,5,5,2
"74","A-005","One Week Post-Exposure","Yes, I have a smartphone with me.","iPhone","13","Instagram",0,1,12,7,20,50,10,5,7,5,3,7,2,5,6,3,4,5,5,6,5,2
"75","A-005","One Week Post-Exposure","Yes, I have a smartphone with me.","iPhone","13","Twitter",7,N/A,12,7,20,50,10,5,7,5,3,7,2,5,6,3,4,5,5,6,5,2
"76","A-005","One Week Post-Exposure","Yes, I have a smartphone with me.","iPhone","13","Snapchat",5,3,12,7,20,50,10,5,7,5,3,7,2,5,6,3,4,5,5,6,5,2
"77","A-005","One Week Post-Exposure","Yes, I have a smartphone with me.","iPhone","13","Tiktok",0,0,12,7,20,50,10,5,7,5,3,7,2,5,6,3,4,5,5,6,5,2
"78","A-005","One Week Post-Exposure","Yes, I have a smartphone with me.","iPhone","13","Youtube",7,3,12,7,20,50,10,5,7,5,3,7,2,5,6,3,4,5,5,6,5,2
"79","A-005","One Week Post-Exposure","Yes, I have a smartphone with me.","iPhone","13","Pinterest",0,0,12,7,20,50,10,5,7,5,3,7,2,5,6,3,4,5,5,6,5,2
"80","A-032","One Week Post-Exposure","Yes, I have a smartphone with me.","iPhone","13","Instagram",5,4,8,7,70,70,100,3,4,4,4,5,2,5,2,5,3,4,2,4,5,3
"81","A-032","One Week Post-Exposure","Yes, I have a smartphone with me.","iPhone","13","Snapchat",7,6,8,7,70,70,100,3,4,4,4,5,2,5,2,5,3,4,2,4,5,3
"82","A-032","One Week Post-Exposure","Yes, I have a smartphone with me.","iPhone","13","Tiktok",8,7,8,7,70,70,100,3,4,4,4,5,2,5,2,5,3,4,2,4,5,3
"83","A-032","One Week Post-Exposure","Yes, I have a smartphone with me.","iPhone","13","Pinterest",4,2,8,7,70,70,100,3,4,4,4,5,2,5,2,5,3,4,2,4,5,3
"84","A-022","One Week Post-Exposure","Yes, I have a smartphone with me.","iPhone","17","Instagram",4,4,4,3,50,50,100,3,3,3,2,0,2,2,5,2,2,2,5,5,6,1
"85","A-022","One Week Post-Exposure","Yes, I have a smartphone with me.","iPhone","17","Twitter",5,N/A,4,3,50,50,100,3,3,3,2,0,2,2,5,2,2,2,5,5,6,1
"86","A-022","One Week Post-Exposure","Yes, I have a smartphone with me.","iPhone","17","Facebook",1,1,4,3,50,50,100,3,3,3,2,0,2,2,5,2,2,2,5,5,6,1
"87","A-022","One Week Post-Exposure","Yes, I have a smartphone with me.","iPhone","17","Snapchat",2,3,4,3,50,50,100,3,3,3,2,0,2,2,5,2,2,2,5,5,6,1
"88","A-022","One Week Post-Exposure","Yes, I have a smartphone with me.","iPhone","17","LinkedIn",1,1,4,3,50,50,100,3,3,3,2,0,2,2,5,2,2,2,5,5,6,1
"89","A-034","One Week Post-Exposure","Yes, I have a smartphone with me.","iPhone","13","Instagram",1,2,3,4,15,5,30,2,1,4,2,4,4,4,3,1,1,2,1,5,3,1
"90","A-034","One Week Post-Exposure","Yes, I have a smartphone with me.","iPhone","13","LinkedIn",0,0,3,4,15,5,30,2,1,4,2,4,4,4,3,1,1,2,1,5,3,1
"91","A-034","One Week Post-Exposure","Yes, I have a smartphone with me.","iPhone","13","Whatsapp",0,0,3,4,15,5,30,2,1,4,2,4,4,4,3,1,1,2,1,5,3,1
"92","A-030","One Week Post-Exposure","Yes, I have a smartphone with me.","iPhone","14","Instagram",3,2,10,3,5,7.5,40,4,3,4,3,7,3,4,3,4,3,3,5,2,4,1
"93","A-030","One Week Post-Exposure","Yes, I have a smartphone with me.","iPhone","14","Facebook",0,0,10,3,5,7.5,40,4,3,4,3,7,3,4,3,4,3,3,5,2,4,1
"94","A-030","One Week Post-Exposure","Yes, I have a smartphone with me.","iPhone","14","Tiktok",3,1,10,3,5,7.5,40,4,3,4,3,7,3,4,3,4,3,3,5,2,4,1
"95","A-030","One Week Post-Exposure","Yes, I have a smartphone with me.","iPhone","14","Youtube",6,2,10,3,5,7.5,40,4,3,4,3,7,3,4,3,4,3,3,5,2,4,1
"96","A-030","One Week Post-Exposure","Yes, I have a smartphone with me.","iPhone","14","Reddit",3,2,10,3,5,7.5,40,4,3,4,3,7,3,4,3,4,3,3,5,2,4,1
"97","A-030","One Week Post-Exposure","Yes, I have a smartphone with me.","iPhone","14","LinkedIn",1,1,10,3,5,7.5,40,4,3,4,3,7,3,4,3,4,3,3,5,2,4,1
"98","A-030","One Week Post-Exposure","Yes, I have a smartphone with me.","iPhone","14","Pinterest",2,1,10,3,5,7.5,40,4,3,4,3,7,3,4,3,4,3,3,5,2,4,1
"99","A-021","One Week Post-Exposure","Yes, I have a smartphone with me.","iPhone","12","Facebook",8,6,8,8,100,100,100,2,2,4,5,4,2,5,2,6,5,4,4,5,5,2
"100","A-021","One Week Post-Exposure","Yes, I have a smartphone with me.","iPhone","12","Snapchat",5,2,8,8,100,100,100,2,2,4,5,4,2,5,2,6,5,4,4,5,5,2
"101","A-033","One Week Post-Exposure","Yes, I have a smartphone with me.","iPhone","14","Instagram",3,3,10,8,20,30,20,2,3,4,4,7,2,4,3,4,3,5,4,4,5,2
"102","A-033","One Week Post-Exposure","Yes, I have a smartphone with me.","iPhone","14","Twitter",2,N/A,10,8,20,30,20,2,3,4,4,7,2,4,3,4,3,5,4,4,5,2
"103","A-033","One Week Post-Exposure","Yes, I have a smartphone with me.","iPhone","14","Snapchat",1,4,10,8,20,30,20,2,3,4,4,7,2,4,3,4,3,5,4,4,5,2
"104","A-033","One Week Post-Exposure","Yes, I have a smartphone with me.","iPhone","14","Tiktok",3,8,10,8,20,30,20,2,3,4,4,7,2,4,3,4,3,5,4,4,5,2
"105","A-033","One Week Post-Exposure","Yes, I have a smartphone with me.","iPhone","14","Youtube",3,7,10,8,20,30,20,2,3,4,4,7,2,4,3,4,3,5,4,4,5,2
"106","A-033","One Week Post-Exposure","Yes, I have a smartphone with me.","iPhone","14","Pinterest",1,2,10,8,20,30,20,2,3,4,4,7,2,4,3,4,3,5,4,4,5,2
"107","A-033","One Week Post-Exposure","Yes, I have a smartphone with me.","iPhone","14","Whatsapp",1,2,10,8,20,30,20,2,3,4,4,7,2,4,3,4,3,5,4,4,5,2
"108","A-082","One Week Post-Exposure","Yes, I have a smartphone with me.","iPhone","24","Instagram",0,0,4,2,25,10,4,3,3,3,1,0,1,1,1,1,1,1,1,1,4,1
"109","A-082","One Week Post-Exposure","Yes, I have a smartphone with me.","iPhone","24","Twitter",1,N/A,4,2,25,10,4,3,3,3,1,0,1,1,1,1,1,1,1,1,4,1
"110","A-082","One Week Post-Exposure","Yes, I have a smartphone with me.","iPhone","24","Facebook",0,0,4,2,25,10,4,3,3,3,1,0,1,1,1,1,1,1,1,1,4,1
"111","A-082","One Week Post-Exposure","Yes, I have a smartphone with me.","iPhone","24","Snapchat",1,1,4,2,25,10,4,3,3,3,1,0,1,1,1,1,1,1,1,1,4,1
"112","A-039","One Week Post-Exposure","Yes, I have a smartphone with me.","iPhone","16","Instagram",3,3,4,5,30,30,50,3,2,5,2,2,2,5,3,5,4,2,5,4,4,2
"113","A-039","One Week Post-Exposure","Yes, I have a smartphone with me.","iPhone","16","Twitter",1,N/A,4,5,30,30,50,3,2,5,2,2,2,5,3,5,4,2,5,4,4,2
"114","A-039","One Week Post-Exposure","Yes, I have a smartphone with me.","iPhone","16","Facebook",1,1,4,5,30,30,50,3,2,5,2,2,2,5,3,5,4,2,5,4,4,2
"115","A-039","One Week Post-Exposure","Yes, I have a smartphone with me.","iPhone","16","Snapchat",2,3,4,5,30,30,50,3,2,5,2,2,2,5,3,5,4,2,5,4,4,2
"116","A-039","One Week Post-Exposure","Yes, I have a smartphone with me.","iPhone","16","Tiktok",0,1,4,5,30,30,50,3,2,5,2,2,2,5,3,5,4,2,5,4,4,2
"117","A-039","One Week Post-Exposure","Yes, I have a smartphone with me.","iPhone","16","Youtube",2,1,4,5,30,30,50,3,2,5,2,2,2,5,3,5,4,2,5,4,4,2
"118","A-066","One Week Post-Exposure","Yes, I have a smartphone with me.","iPhone","11","Instagram",2,4,6,4,50,75,40,3,4,4,3,6,5,3,4,2,2,2,2,4,5,4
"119","A-066","One Week Post-Exposure","Yes, I have a smartphone with me.","iPhone","11","Facebook",0,0,6,4,50,75,40,3,4,4,3,6,5,3,4,2,2,2,2,4,5,4
"120","A-066","One Week Post-Exposure","Yes, I have a smartphone with me.","iPhone","11","Snapchat",4,7,6,4,50,75,40,3,4,4,3,6,5,3,4,2,2,2,2,4,5,4
"121","A-066","One Week Post-Exposure","Yes, I have a smartphone with me.","iPhone","11","Tiktok",6,3,6,4,50,75,40,3,4,4,3,6,5,3,4,2,2,2,2,4,5,4
"122","A-066","One Week Post-Exposure","Yes, I have a smartphone with me.","iPhone","11","Youtube",3,1,6,4,50,75,40,3,4,4,3,6,5,3,4,2,2,2,2,4,5,4
"123","A-066","One Week Post-Exposure","Yes, I have a smartphone with me.","iPhone","11","Reddit",1,1,6,4,50,75,40,3,4,4,3,6,5,3,4,2,2,2,2,4,5,4
"124","A-066","One Week Post-Exposure","Yes, I have a smartphone with me.","iPhone","11","Pinterest",0,0,6,4,50,75,40,3,4,4,3,6,5,3,4,2,2,2,2,4,5,4
"125","A-047","One Week Post-Exposure","Yes, I have a smartphone with me.","iPhone","13","Instagram",2,2,3.5,6,100,100,200,3,3,4,3,5,2,3,2,4,5,3,5,4,4,5
"126","A-047","One Week Post-Exposure","Yes, I have a smartphone with me.","iPhone","13","Facebook",3,2,3.5,6,100,100,200,3,3,4,3,5,2,3,2,4,5,3,5,4,4,5
"127","A-047","One Week Post-Exposure","Yes, I have a smartphone with me.","iPhone","13","Snapchat",1,1,3.5,6,100,100,200,3,3,4,3,5,2,3,2,4,5,3,5,4,4,5
"128","A-047","One Week Post-Exposure","Yes, I have a smartphone with me.","iPhone","13","Tiktok",0,1,3.5,6,100,100,200,3,3,4,3,5,2,3,2,4,5,3,5,4,4,5
"129","A-047","One Week Post-Exposure","Yes, I have a smartphone with me.","iPhone","13","Youtube",4,2,3.5,6,100,100,200,3,3,4,3,5,2,3,2,4,5,3,5,4,4,5
"130","A-047","One Week Post-Exposure","Yes, I have a smartphone with me.","iPhone","13","LinkedIn",0,0,3.5,6,100,100,200,3,3,4,3,5,2,3,2,4,5,3,5,4,4,5
"131","A-047","One Week Post-Exposure","Yes, I have a smartphone with me.","iPhone","13","Pinterest",0,0,3.5,6,100,100,200,3,3,4,3,5,2,3,2,4,5,3,5,4,4,5
"132","A-048","One Week Post-Exposure","Yes, I have a smartphone with me.","iPhone","16","Instagram",4,2,2,4,5,2,5,2,2,4,2,0,1,1,4,1,1,2,4,2,5,2
"133","A-048","One Week Post-Exposure","Yes, I have a smartphone with me.","iPhone","16","Facebook",1,1,2,4,5,2,5,2,2,4,2,0,1,1,4,1,1,2,4,2,5,2
"134","A-048","One Week Post-Exposure","Yes, I have a smartphone with me.","iPhone","16","Snapchat",1,3,2,4,5,2,5,2,2,4,2,0,1,1,4,1,1,2,4,2,5,2
"135","A-048","One Week Post-Exposure","Yes, I have a smartphone with me.","iPhone","16","Tiktok",4,2,2,4,5,2,5,2,2,4,2,0,1,1,4,1,1,2,4,2,5,2
"136","A-048","One Week Post-Exposure","Yes, I have a smartphone with me.","iPhone","16","Youtube",0,0,2,4,5,2,5,2,2,4,2,0,1,1,4,1,1,2,4,2,5,2
"137","A-029","One Week Post-Exposure","Yes, I have a smartphone with me.","iPhone","12","Instagram",2,2,3,4,30,30,45,2,4,4,3,0,2,2,1,1,1,1,5,3,5,1
"138","A-029","One Week Post-Exposure","Yes, I have a smartphone with me.","iPhone","12","Twitter",3,N/A,3,4,30,30,45,2,4,4,3,0,2,2,1,1,1,1,5,3,5,1
"139","A-029","One Week Post-Exposure","Yes, I have a smartphone with me.","iPhone","12","Facebook",0,0,3,4,30,30,45,2,4,4,3,0,2,2,1,1,1,1,5,3,5,1
"140","A-029","One Week Post-Exposure","Yes, I have a smartphone with me.","iPhone","12","Snapchat",2,3,3,4,30,30,45,2,4,4,3,0,2,2,1,1,1,1,5,3,5,1
"141","A-029","One Week Post-Exposure","Yes, I have a smartphone with me.","iPhone","12","Tiktok",4,2,3,4,30,30,45,2,4,4,3,0,2,2,1,1,1,1,5,3,5,1
"142","A-029","One Week Post-Exposure","Yes, I have a smartphone with me.","iPhone","12","Pinterest",0,0,3,4,30,30,45,2,4,4,3,0,2,2,1,1,1,1,5,3,5,1
"143","A-044","One Week Post-Exposure","Yes, I have a smartphone with me.","iPhone","12-13","Instagram",5,1,6.5,5,50,75,50,3,2,3,3,4,1,2,2,5,3,2,2,2,4,4
"144","A-044","One Week Post-Exposure","Yes, I have a smartphone with me.","iPhone","12-13","Facebook",1,0,6.5,5,50,75,50,3,2,3,3,4,1,2,2,5,3,2,2,2,4,4
"145","A-044","One Week Post-Exposure","Yes, I have a smartphone with me.","iPhone","12-13","Snapchat",5,1,6.5,5,50,75,50,3,2,3,3,4,1,2,2,5,3,2,2,2,4,4
"146","A-044","One Week Post-Exposure","Yes, I have a smartphone with me.","iPhone","12-13","Tiktok",5,1,6.5,5,50,75,50,3,2,3,3,4,1,2,2,5,3,2,2,2,4,4
"147","A-044","One Week Post-Exposure","Yes, I have a smartphone with me.","iPhone","12-13","LinkedIn",3,1,6.5,5,50,75,50,3,2,3,3,4,1,2,2,5,3,2,2,2,4,4
"148","A-043","One Week Post-Exposure","Yes, I have a smartphone with me.","iPhone","13","Instagram",3,2,5.5,8,150,150,150,4,4,4,3,1,4,4,5,4,4,3,3,2,5,2
"149","A-043","One Week Post-Exposure","Yes, I have a smartphone with me.","iPhone","13","Twitter",4,N/A,5.5,8,150,150,150,4,4,4,3,1,4,4,5,4,4,3,3,2,5,2
"150","A-043","One Week Post-Exposure","Yes, I have a smartphone with me.","iPhone","13","Facebook",0,1,5.5,8,150,150,150,4,4,4,3,1,4,4,5,4,4,3,3,2,5,2
"151","A-043","One Week Post-Exposure","Yes, I have a smartphone with me.","iPhone","13","Snapchat",1,2,5.5,8,150,150,150,4,4,4,3,1,4,4,5,4,4,3,3,2,5,2
"152","A-043","One Week Post-Exposure","Yes, I have a smartphone with me.","iPhone","13","Tiktok",6,5,5.5,8,150,150,150,4,4,4,3,1,4,4,5,4,4,3,3,2,5,2
"153","A-043","One Week Post-Exposure","Yes, I have a smartphone with me.","iPhone","13","Youtube",4,1,5.5,8,150,150,150,4,4,4,3,1,4,4,5,4,4,3,3,2,5,2
"154","A-043","One Week Post-Exposure","Yes, I have a smartphone with me.","iPhone","13","Pinterest",0,0,5.5,8,150,150,150,4,4,4,3,1,4,4,5,4,4,3,3,2,5,2
"155","A-042","One Week Post-Exposure","Yes, I have a smartphone with me.","iPhone","16","Instagram",3,2,2,4,100,150,50,2,3,3,3,3,3,2,5,5,4,3,2,3,5,2
"156","A-042","One Week Post-Exposure","Yes, I have a smartphone with me.","iPhone","16","Twitter",5,N/A,2,4,100,150,50,2,3,3,3,3,3,2,5,5,4,3,2,3,5,2
"157","A-042","One Week Post-Exposure","Yes, I have a smartphone with me.","iPhone","16","Snapchat",2,1,2,4,100,150,50,2,3,3,3,3,3,2,5,5,4,3,2,3,5,2
"158","A-042","One Week Post-Exposure","Yes, I have a smartphone with me.","iPhone","16","Youtube",4,1,2,4,100,150,50,2,3,3,3,3,3,2,5,5,4,3,2,3,5,2
"159","A-042","One Week Post-Exposure","Yes, I have a smartphone with me.","iPhone","16","Reddit",2,1,2,4,100,150,50,2,3,3,3,3,3,2,5,5,4,3,2,3,5,2
"160","A-042","One Week Post-Exposure","Yes, I have a smartphone with me.","iPhone","16","LinkedIn",1,1,2,4,100,150,50,2,3,3,3,3,3,2,5,5,4,3,2,3,5,2
"161","A-081","One Week Post-Exposure","Yes, I have a smartphone with me.","iPhone","14","Instagram",5,3,5,4,25,25,10,2,2,4,2,3,2,4,1,2,1,1,4,4,2,2
"162","A-081","One Week Post-Exposure","Yes, I have a smartphone with me.","iPhone","14","Twitter",2,N/A,5,4,25,25,10,2,2,4,2,3,2,4,1,2,1,1,4,4,2,2
"163","A-081","One Week Post-Exposure","Yes, I have a smartphone with me.","iPhone","14","Snapchat",6,3,5,4,25,25,10,2,2,4,2,3,2,4,1,2,1,1,4,4,2,2
"164","A-081","One Week Post-Exposure","Yes, I have a smartphone with me.","iPhone","14","Reddit",2,2,5,4,25,25,10,2,2,4,2,3,2,4,1,2,1,1,4,4,2,2
"165","A-065","One Week Post-Exposure","Yes, I have a smartphone with me.","iPhone","15","Instagram",5,2,6,3,30,30,100,2,5,4,3,5,5,5,2,2,1,2,3,2,6,2
"166","A-065","One Week Post-Exposure","Yes, I have a smartphone with me.","iPhone","15","Twitter",3,N/A,6,3,30,30,100,2,5,4,3,5,5,5,2,2,1,2,3,2,6,2
"167","A-065","One Week Post-Exposure","Yes, I have a smartphone with me.","iPhone","15","Snapchat",1,2,6,3,30,30,100,2,5,4,3,5,5,5,2,2,1,2,3,2,6,2
"168","A-065","One Week Post-Exposure","Yes, I have a smartphone with me.","iPhone","15","Tiktok",6,3,6,3,30,30,100,2,5,4,3,5,5,5,2,2,1,2,3,2,6,2
"169","A-065","One Week Post-Exposure","Yes, I have a smartphone with me.","iPhone","15","Youtube",5,1,6,3,30,30,100,2,5,4,3,5,5,5,2,2,1,2,3,2,6,2
"170","A-061","One Week Post-Exposure","Yes, I have a smartphone with me.","iPhone","10","Instagram",4,3,3.5,5,400,600,200,2,2,3,3,2,1,1,1,2,3,2,1,4,3,2
"171","A-061","One Week Post-Exposure","Yes, I have a smartphone with me.","iPhone","10","Twitter",0,N/A,3.5,5,400,600,200,2,2,3,3,2,1,1,1,2,3,2,1,4,3,2
"172","A-061","One Week Post-Exposure","Yes, I have a smartphone with me.","iPhone","10","Facebook",3,3,3.5,5,400,600,200,2,2,3,3,2,1,1,1,2,3,2,1,4,3,2
"173","A-061","One Week Post-Exposure","Yes, I have a smartphone with me.","iPhone","10","Snapchat",2,3,3.5,5,400,600,200,2,2,3,3,2,1,1,1,2,3,2,1,4,3,2
"174","A-061","One Week Post-Exposure","Yes, I have a smartphone with me.","iPhone","10","Tiktok",5,3,3.5,5,400,600,200,2,2,3,3,2,1,1,1,2,3,2,1,4,3,2
"175","A-061","One Week Post-Exposure","Yes, I have a smartphone with me.","iPhone","10","Youtube",5,2,3.5,5,400,600,200,2,2,3,3,2,1,1,1,2,3,2,1,4,3,2
"176","A-063","One Week Post-Exposure","Yes, I have a smartphone with me.","Android","12","Instagram",2,3,3,1,35,30,100,1,1,4,1,3,1,3,1,2,1,1,1,1,2,1
"177","A-063","One Week Post-Exposure","Yes, I have a smartphone with me.","Android","12","Twitter",1,N/A,3,1,35,30,100,1,1,4,1,3,1,3,1,2,1,1,1,1,2,1
"178","A-063","One Week Post-Exposure","Yes, I have a smartphone with me.","Android","12","Facebook",2,2,3,1,35,30,100,1,1,4,1,3,1,3,1,2,1,1,1,1,2,1
"179","A-063","One Week Post-Exposure","Yes, I have a smartphone with me.","Android","12","Youtube",3,3,3,1,35,30,100,1,1,4,1,3,1,3,1,2,1,1,1,1,2,1
"180","A-063","One Week Post-Exposure","Yes, I have a smartphone with me.","Android","12","LinkedIn",0,0,3,1,35,30,100,1,1,4,1,3,1,3,1,2,1,1,1,1,2,1
"181","A-063","One Week Post-Exposure","Yes, I have a smartphone with me.","Android","12","Whatsapp",1,1,3,1,35,30,100,1,1,4,1,3,1,3,1,2,1,1,1,1,2,1
"182","A-052","One Week Post-Exposure","Yes, I have a smartphone with me.","iPhone","10","Instagram",6,3,11,8,100,80,50,3,4,5,3,3,5,5,2,6,5,3,5,4,5,2
"183","A-052","One Week Post-Exposure","Yes, I have a smartphone with me.","iPhone","10","Facebook",6,4,11,8,100,80,50,3,4,5,3,3,5,5,2,6,5,3,5,4,5,2
"184","A-052","One Week Post-Exposure","Yes, I have a smartphone with me.","iPhone","10","Snapchat",5,3,11,8,100,80,50,3,4,5,3,3,5,5,2,6,5,3,5,4,5,2
"185","A-052","One Week Post-Exposure","Yes, I have a smartphone with me.","iPhone","10","Tiktok",8,6,11,8,100,80,50,3,4,5,3,3,5,5,2,6,5,3,5,4,5,2
"186","A-052","One Week Post-Exposure","Yes, I have a smartphone with me.","iPhone","10","Youtube",3,1,11,8,100,80,50,3,4,5,3,3,5,5,2,6,5,3,5,4,5,2
"187","A-052","One Week Post-Exposure","Yes, I have a smartphone with me.","iPhone","10","Reddit",0,0,11,8,100,80,50,3,4,5,3,3,5,5,2,6,5,3,5,4,5,2
"188","A-052","One Week Post-Exposure","Yes, I have a smartphone with me.","iPhone","10","LinkedIn",1,1,11,8,100,80,50,3,4,5,3,3,5,5,2,6,5,3,5,4,5,2
"189","A-062","One Week Post-Exposure","Yes, I have a smartphone with me.","iPhone","9","Instagram",6,5,8,5,150,50,200,2,2,4,4,2,5,3,1,4,2,2,3,3,5,3
"190","A-062","One Week Post-Exposure","Yes, I have a smartphone with me.","iPhone","9","Tiktok",7,5,8,5,150,50,200,2,2,4,4,2,5,3,1,4,2,2,3,3,5,3
"191","A-062","One Week Post-Exposure","Yes, I have a smartphone with me.","iPhone","9","Youtube",6,2,8,5,150,50,200,2,2,4,4,2,5,3,1,4,2,2,3,3,5,3
"192","A-051","One Week Post-Exposure","Yes, I have a smartphone with me.","iPhone","14","Instagram",2,2,4,4,20,40,50,2,3,5,2,0,1,5,1,5,4,2,4,3,4,1
"193","A-051","One Week Post-Exposure","Yes, I have a smartphone with me.","iPhone","14","Snapchat",1,2,4,4,20,40,50,2,3,5,2,0,1,5,1,5,4,2,4,3,4,1
"194","A-051","One Week Post-Exposure","Yes, I have a smartphone with me.","iPhone","14","Tiktok",5,2,4,4,20,40,50,2,3,5,2,0,1,5,1,5,4,2,4,3,4,1
"195","A-051","One Week Post-Exposure","Yes, I have a smartphone with me.","iPhone","14","Pinterest",3,1,4,4,20,40,50,2,3,5,2,0,1,5,1,5,4,2,4,3,4,1
"196","A-059","One Week Post-Exposure","Yes, I have a smartphone with me.","Android","15","Snapchat",1,2,4,6,150,150,300,2,3,3,3,4,4,5,2,4,3,1,3,3,6,3
"197","A-059","One Week Post-Exposure","Yes, I have a smartphone with me.","Android","15","Tiktok",3,2,4,6,150,150,300,2,3,3,3,4,4,5,2,4,3,1,3,3,6,3
"198","A-059","One Week Post-Exposure","Yes, I have a smartphone with me.","Android","15","Youtube",3,3,4,6,150,150,300,2,3,3,3,4,4,5,2,4,3,1,3,3,6,3
"199","A-059","One Week Post-Exposure","Yes, I have a smartphone with me.","Android","15","Reddit",1,1,4,6,150,150,300,2,3,3,3,4,4,5,2,4,3,1,3,3,6,3
"200","A-059","One Week Post-Exposure","Yes, I have a smartphone with me.","Android","15","LinkedIn",0,0,4,6,150,150,300,2,3,3,3,4,4,5,2,4,3,1,3,3,6,3
"201","A-059","One Week Post-Exposure","Yes, I have a smartphone with me.","Android","15","Whatsapp",0,1,4,6,150,150,300,2,3,3,3,4,4,5,2,4,3,1,3,3,6,3
"202","A-056","One Week Post-Exposure","Yes, I have a smartphone with me.","iPhone","12","Instagram",4,3,8,5,30,30,10,4,2,5,3,2,2,2,4,1,2,3,3,1,6,2
"203","A-056","One Week Post-Exposure","Yes, I have a smartphone with me.","iPhone","12","Twitter",5,N/A,8,5,30,30,10,4,2,5,3,2,2,2,4,1,2,3,3,1,6,2
"204","A-056","One Week Post-Exposure","Yes, I have a smartphone with me.","iPhone","12","Facebook",2,1,8,5,30,30,10,4,2,5,3,2,2,2,4,1,2,3,3,1,6,2
"205","A-056","One Week Post-Exposure","Yes, I have a smartphone with me.","iPhone","12","Snapchat",2,5,8,5,30,30,10,4,2,5,3,2,2,2,4,1,2,3,3,1,6,2
"206","A-056","One Week Post-Exposure","Yes, I have a smartphone with me.","iPhone","12","Tiktok",7,4,8,5,30,30,10,4,2,5,3,2,2,2,4,1,2,3,3,1,6,2
"207","A-056","One Week Post-Exposure","Yes, I have a smartphone with me.","iPhone","12","Youtube",3,1,8,5,30,30,10,4,2,5,3,2,2,2,4,1,2,3,3,1,6,2
"208","A-056","One Week Post-Exposure","Yes, I have a smartphone with me.","iPhone","12","Reddit",1,1,8,5,30,30,10,4,2,5,3,2,2,2,4,1,2,3,3,1,6,2
"209","A-056","One Week Post-Exposure","Yes, I have a smartphone with me.","iPhone","12","LinkedIn",0,0,8,5,30,30,10,4,2,5,3,2,2,2,4,1,2,3,3,1,6,2
"210","A-057","One Week Post-Exposure","Yes, I have a smartphone with me.","iPhone","14","Instagram",3,2,9,4,25,40,20,2,3,5,3,4,4,5,2,3,2,1,3,3,5,3
"211","A-057","One Week Post-Exposure","Yes, I have a smartphone with me.","iPhone","14","Twitter",5,N/A,9,4,25,40,20,2,3,5,3,4,4,5,2,3,2,1,3,3,5,3
"212","A-057","One Week Post-Exposure","Yes, I have a smartphone with me.","iPhone","14","Snapchat",4,3,9,4,25,40,20,2,3,5,3,4,4,5,2,3,2,1,3,3,5,3
"213","A-057","One Week Post-Exposure","Yes, I have a smartphone with me.","iPhone","14","Tiktok",7,5,9,4,25,40,20,2,3,5,3,4,4,5,2,3,2,1,3,3,5,3
"214","A-057","One Week Post-Exposure","Yes, I have a smartphone with me.","iPhone","14","Pinterest",4,3,9,4,25,40,20,2,3,5,3,4,4,5,2,3,2,1,3,3,5,3
"215","A-008","One Week Post-Exposure","Yes, I have a smartphone with me.","iPhone","13","Instagram",0,0,7,5,10,5,30,1,1,4,2,1,5,5,4,5,5,5,6,5,5,3
"216","A-008","One Week Post-Exposure","Yes, I have a smartphone with me.","iPhone","13","Snapchat",1,2,7,5,10,5,30,1,1,4,2,1,5,5,4,5,5,5,6,5,5,3
"217","A-008","One Week Post-Exposure","Yes, I have a smartphone with me.","iPhone","13","Tiktok",5,2,7,5,10,5,30,1,1,4,2,1,5,5,4,5,5,5,6,5,5,3
"218","A-008","One Week Post-Exposure","Yes, I have a smartphone with me.","iPhone","13","Youtube",0,0,7,5,10,5,30,1,1,4,2,1,5,5,4,5,5,5,6,5,5,3
"219","A-008","One Week Post-Exposure","Yes, I have a smartphone with me.","iPhone","13","Reddit",0,0,7,5,10,5,30,1,1,4,2,1,5,5,4,5,5,5,6,5,5,3
"220","A-083","One Week Post-Exposure","Yes, I have a smartphone with me.","iPhone","13","Instagram",6,3,6.5,5,50,70,100,2,4,5,3,7,2,2,2,4,3,3,4,4,4,2
"221","A-083","One Week Post-Exposure","Yes, I have a smartphone with me.","iPhone","13","Snapchat",7,5,6.5,5,50,70,100,2,4,5,3,7,2,2,2,4,3,3,4,4,4,2
"222","A-083","One Week Post-Exposure","Yes, I have a smartphone with me.","iPhone","13","Youtube",7,3,6.5,5,50,70,100,2,4,5,3,7,2,2,2,4,3,3,4,4,4,2
"223","A-058","One Week Post-Exposure","Yes, I have a smartphone with me.","iPhone","16","Instagram",4,2,8,7,15,12,20,3,2,4,4,5,5,5,4,4,3,3,4,3,5,2
"224","A-058","One Week Post-Exposure","Yes, I have a smartphone with me.","iPhone","16","Facebook",1,1,8,7,15,12,20,3,2,4,4,5,5,5,4,4,3,3,4,3,5,2
"225","A-058","One Week Post-Exposure","Yes, I have a smartphone with me.","iPhone","16","Snapchat",3,6,8,7,15,12,20,3,2,4,4,5,5,5,4,4,3,3,4,3,5,2
"226","A-058","One Week Post-Exposure","Yes, I have a smartphone with me.","iPhone","16","Tiktok",3,2,8,7,15,12,20,3,2,4,4,5,5,5,4,4,3,3,4,3,5,2
"227","A-058","One Week Post-Exposure","Yes, I have a smartphone with me.","iPhone","16","Youtube",2,1,8,7,15,12,20,3,2,4,4,5,5,5,4,4,3,3,4,3,5,2
"228","A-058","One Week Post-Exposure","Yes, I have a smartphone with me.","iPhone","16","Reddit",0,0,8,7,15,12,20,3,2,4,4,5,5,5,4,4,3,3,4,3,5,2
"229","A-058","One Week Post-Exposure","Yes, I have a smartphone with me.","iPhone","16","LinkedIn",1,1,8,7,15,12,20,3,2,4,4,5,5,5,4,4,3,3,4,3,5,2
"230","A-058","One Week Post-Exposure","Yes, I have a smartphone with me.","iPhone","16","Pinterest",2,1,8,7,15,12,20,3,2,4,4,5,5,5,4,4,3,3,4,3,5,2
"231","A-064","One Week Post-Exposure","Yes, I have a smartphone with me.","iPhone","12","Twitter",3,N/A,4.5,6,10,10,25,2,2,4,2,7,3,5,3,4,5,4,3,2,5,6
"232","A-064","One Week Post-Exposure","Yes, I have a smartphone with me.","iPhone","12","Snapchat",2,2,4.5,6,10,10,25,2,2,4,2,7,3,5,3,4,5,4,3,2,5,6
"233","A-064","One Week Post-Exposure","Yes, I have a smartphone with me.","iPhone","12","Tiktok",6,3,4.5,6,10,10,25,2,2,4,2,7,3,5,3,4,5,4,3,2,5,6
"234","A-076","One Week Post-Exposure","Yes, I have a smartphone with me.","iPhone","15","Instagram",8,5,9,7,70,70,100,2,6,5,3,0,5,4,2,6,4,3,6,5,6,2
"235","A-076","One Week Post-Exposure","Yes, I have a smartphone with me.","iPhone","15","Facebook",5,3,9,7,70,70,100,2,6,5,3,0,5,4,2,6,4,3,6,5,6,2
"236","A-076","One Week Post-Exposure","Yes, I have a smartphone with me.","iPhone","15","Tiktok",7,4,9,7,70,70,100,2,6,5,3,0,5,4,2,6,4,3,6,5,6,2
"237","A-076","One Week Post-Exposure","Yes, I have a smartphone with me.","iPhone","15","Youtube",0,0,9,7,70,70,100,2,6,5,3,0,5,4,2,6,4,3,6,5,6,2
"238","A-071","One Week Post-Exposure","Yes, I have a smartphone with me.","iPhone","12","Instagram",4,3,6,4,175,175,100,2,4,4,3,5,4,4,3,2,3,3,4,4,5,2
"239","A-071","One Week Post-Exposure","Yes, I have a smartphone with me.","iPhone","12","Twitter",2,N/A,6,4,175,175,100,2,4,4,3,5,4,4,3,2,3,3,4,4,5,2
"240","A-071","One Week Post-Exposure","Yes, I have a smartphone with me.","iPhone","12","Snapchat",5,6,6,4,175,175,100,2,4,4,3,5,4,4,3,2,3,3,4,4,5,2
"241","A-071","One Week Post-Exposure","Yes, I have a smartphone with me.","iPhone","12","Tiktok",5,3,6,4,175,175,100,2,4,4,3,5,4,4,3,2,3,3,4,4,5,2
"242","A-070","One Week Post-Exposure","Yes, I have a smartphone with me.","iPhone","14","Instagram",4,4,56,4,100,200,50,4,8,3,2,4,4,2,1,3,2,4,4,4,4,1
"243","A-070","One Week Post-Exposure","Yes, I have a smartphone with me.","iPhone","14","Twitter",4,N/A,56,4,100,200,50,4,8,3,2,4,4,2,1,3,2,4,4,4,4,1
"244","A-070","One Week Post-Exposure","Yes, I have a smartphone with me.","iPhone","14","Facebook",0,1,56,4,100,200,50,4,8,3,2,4,4,2,1,3,2,4,4,4,4,1
"245","A-070","One Week Post-Exposure","Yes, I have a smartphone with me.","iPhone","14","Snapchat",3,2,56,4,100,200,50,4,8,3,2,4,4,2,1,3,2,4,4,4,4,1
"246","A-070","One Week Post-Exposure","Yes, I have a smartphone with me.","iPhone","14","Tiktok",5,2,56,4,100,200,50,4,8,3,2,4,4,2,1,3,2,4,4,4,4,1
"247","A-070","One Week Post-Exposure","Yes, I have a smartphone with me.","iPhone","14","Youtube",3,1,56,4,100,200,50,4,8,3,2,4,4,2,1,3,2,4,4,4,4,1
"248","A-070","One Week Post-Exposure","Yes, I have a smartphone with me.","iPhone","14","Reddit",3,1,56,4,100,200,50,4,8,3,2,4,4,2,1,3,2,4,4,4,4,1
"249","A-080","One Week Post-Exposure","Yes, I have a smartphone with me.","iPhone","14","Instagram",3,4,4.5,5,25,55,150,4,5,4,3,5,3,5,5,4,2,5,2,5,4,1
"250","A-080","One Week Post-Exposure","Yes, I have a smartphone with me.","iPhone","14","Tiktok",4,2,4.5,5,25,55,150,4,5,4,3,5,3,5,5,4,2,5,2,5,4,1
"251","A-080","One Week Post-Exposure","Yes, I have a smartphone with me.","iPhone","14","Youtube",2,1,4.5,5,25,55,150,4,5,4,3,5,3,5,5,4,2,5,2,5,4,1
"252","A-080","One Week Post-Exposure","Yes, I have a smartphone with me.","iPhone","14","Reddit",0,1,4.5,5,25,55,150,4,5,4,3,5,3,5,5,4,2,5,2,5,4,1
"253","A-080","One Week Post-Exposure","Yes, I have a smartphone with me.","iPhone","14","Pinterest",1,1,4.5,5,25,55,150,4,5,4,3,5,3,5,5,4,2,5,2,5,4,1
"254","A-067","One Week Post-Exposure","Yes, I have a smartphone with me.","iPhone","13","Instagram",2,2,6,3,50,50,100,2,7,5,3,2,3,3,5,4,2,2,1,2,5,1
"255","A-067","One Week Post-Exposure","Yes, I have a smartphone with me.","iPhone","13","Twitter",3,N/A,6,3,50,50,100,2,7,5,3,2,3,3,5,4,2,2,1,2,5,1
"256","A-067","One Week Post-Exposure","Yes, I have a smartphone with me.","iPhone","13","Facebook",2,2,6,3,50,50,100,2,7,5,3,2,3,3,5,4,2,2,1,2,5,1
"257","A-067","One Week Post-Exposure","Yes, I have a smartphone with me.","iPhone","13","Snapchat",1,1,6,3,50,50,100,2,7,5,3,2,3,3,5,4,2,2,1,2,5,1
"258","A-067","One Week Post-Exposure","Yes, I have a smartphone with me.","iPhone","13","Tiktok",0,1,6,3,50,50,100,2,7,5,3,2,3,3,5,4,2,2,1,2,5,1
"259","A-067","One Week Post-Exposure","Yes, I have a smartphone with me.","iPhone","13","Youtube",0,0,6,3,50,50,100,2,7,5,3,2,3,3,5,4,2,2,1,2,5,1
"260","A-040","One Week Post-Exposure","Yes, I have a smartphone with me.","iPhone","14","Instagram",3,3,5,2,30,30,10,3,3,3,2,3,1,1,1,2,2,2,4,3,2,3
"261","A-040","One Week Post-Exposure","Yes, I have a smartphone with me.","iPhone","14","Snapchat",3,4,5,2,30,30,10,3,3,3,2,3,1,1,1,2,2,2,4,3,2,3
"262","A-040","One Week Post-Exposure","Yes, I have a smartphone with me.","iPhone","14","Tiktok",5,1,5,2,30,30,10,3,3,3,2,3,1,1,1,2,2,2,4,3,2,3
"263","A-040","One Week Post-Exposure","Yes, I have a smartphone with me.","iPhone","14","Youtube",6,2,5,2,30,30,10,3,3,3,2,3,1,1,1,2,2,2,4,3,2,3
"264","A-040","One Week Post-Exposure","Yes, I have a smartphone with me.","iPhone","14","LinkedIn",1,1,5,2,30,30,10,3,3,3,2,3,1,1,1,2,2,2,4,3,2,3
"265","A-094","One Week Post-Exposure","Yes, I have a smartphone with me.","iPhone","14","Instagram",1,2,5,8,6,20,20,3,4,5,3,4,5,5,1,4,4,2,4,3,5,2
"266","A-094","One Week Post-Exposure","Yes, I have a smartphone with me.","iPhone","14","Twitter",1,N/A,5,8,6,20,20,3,4,5,3,4,5,5,1,4,4,2,4,3,5,2
"267","A-094","One Week Post-Exposure","Yes, I have a smartphone with me.","iPhone","14","Facebook",1,1,5,8,6,20,20,3,4,5,3,4,5,5,1,4,4,2,4,3,5,2
"268","A-094","One Week Post-Exposure","Yes, I have a smartphone with me.","iPhone","14","Snapchat",2,2,5,8,6,20,20,3,4,5,3,4,5,5,1,4,4,2,4,3,5,2
"269","A-094","One Week Post-Exposure","Yes, I have a smartphone with me.","iPhone","14","Tiktok",5,2,5,8,6,20,20,3,4,5,3,4,5,5,1,4,4,2,4,3,5,2
"270","A-094","One Week Post-Exposure","Yes, I have a smartphone with me.","iPhone","14","Pinterest",3,3,5,8,6,20,20,3,4,5,3,4,5,5,1,4,4,2,4,3,5,2
"271","A-086","One Week Post-Exposure","Yes, I have a smartphone with me.","Android","13","Instagram",5,5,7,3,30,20,100,3,3,5,2,6,1,3,1,1,1,2,1,3,3,1
"272","A-086","One Week Post-Exposure","Yes, I have a smartphone with me.","Android","13","Snapchat",5,5,7,3,30,20,100,3,3,5,2,6,1,3,1,1,1,2,1,3,3,1
"273","A-086","One Week Post-Exposure","Yes, I have a smartphone with me.","Android","13","Tiktok",4,2,7,3,30,20,100,3,3,5,2,6,1,3,1,1,1,2,1,3,3,1
"274","A-086","One Week Post-Exposure","Yes, I have a smartphone with me.","Android","13","Youtube",6,3,7,3,30,20,100,3,3,5,2,6,1,3,1,1,1,2,1,3,3,1
"275","A-086","One Week Post-Exposure","Yes, I have a smartphone with me.","Android","13","Reddit",2,2,7,3,30,20,100,3,3,5,2,6,1,3,1,1,1,2,1,3,3,1
"276","A-036","One Week Post-Exposure","Yes, I have a smartphone with me.","iPhone","12","Instagram",4,3,5,6,10,25,25,1,1,4,3,3,3,5,1,4,3,2,2,4,5,1
"277","A-036","One Week Post-Exposure","Yes, I have a smartphone with me.","iPhone","12","Facebook",2,2,5,6,10,25,25,1,1,4,3,3,3,5,1,4,3,2,2,4,5,1
"278","A-036","One Week Post-Exposure","Yes, I have a smartphone with me.","iPhone","12","Snapchat",2,4,5,6,10,25,25,1,1,4,3,3,3,5,1,4,3,2,2,4,5,1
"279","A-036","One Week Post-Exposure","Yes, I have a smartphone with me.","iPhone","12","Youtube",4,2,5,6,10,25,25,1,1,4,3,3,3,5,1,4,3,2,2,4,5,1
"280","A-093","One Week Post-Exposure","Yes, I have a smartphone with me.","iPhone","16","Instagram",3,1,5.5,4,3,5,8,3,1,4,2,3,3,4,1,2,1,1,4,2,6,1
"281","A-093","One Week Post-Exposure","Yes, I have a smartphone with me.","iPhone","16","Snapchat",7,3,5.5,4,3,5,8,3,1,4,2,3,3,4,1,2,1,1,4,2,6,1
"282","A-093","One Week Post-Exposure","Yes, I have a smartphone with me.","iPhone","16","Youtube",3,1,5.5,4,3,5,8,3,1,4,2,3,3,4,1,2,1,1,4,2,6,1
"283","A-093","One Week Post-Exposure","Yes, I have a smartphone with me.","iPhone","16","Pinterest",0,0,5.5,4,3,5,8,3,1,4,2,3,3,4,1,2,1,1,4,2,6,1
"284","A-037","One Week Post-Exposure","Yes, I have a smartphone with me.","iPhone","15","Instagram",3,3,5.5,7,30,60,100,4,5,4,3,0,1,3,4,2,3,2,1,5,5,2
"285","A-037","One Week Post-Exposure","Yes, I have a smartphone with me.","iPhone","15","Twitter",0,N/A,5.5,7,30,60,100,4,5,4,3,0,1,3,4,2,3,2,1,5,5,2
"286","A-037","One Week Post-Exposure","Yes, I have a smartphone with me.","iPhone","15","Facebook",1,1,5.5,7,30,60,100,4,5,4,3,0,1,3,4,2,3,2,1,5,5,2
"287","A-037","One Week Post-Exposure","Yes, I have a smartphone with me.","iPhone","15","Snapchat",3,2,5.5,7,30,60,100,4,5,4,3,0,1,3,4,2,3,2,1,5,5,2
"288","A-037","One Week Post-Exposure","Yes, I have a smartphone with me.","iPhone","15","Tiktok",6,2,5.5,7,30,60,100,4,5,4,3,0,1,3,4,2,3,2,1,5,5,2
"289","A-037","One Week Post-Exposure","Yes, I have a smartphone with me.","iPhone","15","Youtube",6,2,5.5,7,30,60,100,4,5,4,3,0,1,3,4,2,3,2,1,5,5,2
"290","A-037","One Week Post-Exposure","Yes, I have a smartphone with me.","iPhone","15","Reddit",0,1,5.5,7,30,60,100,4,5,4,3,0,1,3,4,2,3,2,1,5,5,2
"291","A-037","One Week Post-Exposure","Yes, I have a smartphone with me.","iPhone","15","LinkedIn",1,1,5.5,7,30,60,100,4,5,4,3,0,1,3,4,2,3,2,1,5,5,2
"292","A-037","One Week Post-Exposure","Yes, I have a smartphone with me.","iPhone","15","Pinterest",1,1,5.5,7,30,60,100,4,5,4,3,0,1,3,4,2,3,2,1,5,5,2
"293","A-037","One Week Post-Exposure","Yes, I have a smartphone with me.","iPhone","15","Whatsapp",0,0,5.5,7,30,60,100,4,5,4,3,0,1,3,4,2,3,2,1,5,5,2
"294","A-038","One Week Post-Exposure","Yes, I have a smartphone with me.","iPhone","13","Instagram",4,3,10,3,100,100,50,4,5,4,3,0,2,4,3,5,4,4,5,5,5,4
"295","A-038","One Week Post-Exposure","Yes, I have a smartphone with me.","iPhone","13","Twitter",4,N/A,10,3,100,100,50,4,5,4,3,0,2,4,3,5,4,4,5,5,5,4
"296","A-038","One Week Post-Exposure","Yes, I have a smartphone with me.","iPhone","13","Facebook",2,1,10,3,100,100,50,4,5,4,3,0,2,4,3,5,4,4,5,5,5,4
"297","A-038","One Week Post-Exposure","Yes, I have a smartphone with me.","iPhone","13","Snapchat",2,2,10,3,100,100,50,4,5,4,3,0,2,4,3,5,4,4,5,5,5,4
"298","A-038","One Week Post-Exposure","Yes, I have a smartphone with me.","iPhone","13","Tiktok",6,2,10,3,100,100,50,4,5,4,3,0,2,4,3,5,4,4,5,5,5,4
"299","A-038","One Week Post-Exposure","Yes, I have a smartphone with me.","iPhone","13","Youtube",0,0,10,3,100,100,50,4,5,4,3,0,2,4,3,5,4,4,5,5,5,4
"300","A-038","One Week Post-Exposure","Yes, I have a smartphone with me.","iPhone","13","LinkedIn",1,1,10,3,100,100,50,4,5,4,3,0,2,4,3,5,4,4,5,5,5,4
"301","A-038","One Week Post-Exposure","Yes, I have a smartphone with me.","iPhone","13","Pinterest",2,0,10,3,100,100,50,4,5,4,3,0,2,4,3,5,4,4,5,5,5,4
"302","A-038","One Week Post-Exposure","Yes, I have a smartphone with me.","iPhone","13","Whatsapp",3,1,10,3,100,100,50,4,5,4,3,0,2,4,3,5,4,4,5,5,5,4
"303","A-091","One Week Post-Exposure","Yes, I have a smartphone with me.","iPhone","15","Twitter",0,N/A,4,4,15,25,40,2,2,4,3,5,3,4,2,3,1,2,3,2,5,4
"304","A-091","One Week Post-Exposure","Yes, I have a smartphone with me.","iPhone","15","Snapchat",2,3,4,4,15,25,40,2,2,4,3,5,3,4,2,3,1,2,3,2,5,4
"305","A-091","One Week Post-Exposure","Yes, I have a smartphone with me.","iPhone","15","Tiktok",1,1,4,4,15,25,40,2,2,4,3,5,3,4,2,3,1,2,3,2,5,4
"306","A-091","One Week Post-Exposure","Yes, I have a smartphone with me.","iPhone","15","Youtube",5,3,4,4,15,25,40,2,2,4,3,5,3,4,2,3,1,2,3,2,5,4
"307","A-091","One Week Post-Exposure","Yes, I have a smartphone with me.","iPhone","15","Reddit",1,1,4,4,15,25,40,2,2,4,3,5,3,4,2,3,1,2,3,2,5,4
"308","A-091","One Week Post-Exposure","Yes, I have a smartphone with me.","iPhone","15","LinkedIn",1,1,4,4,15,25,40,2,2,4,3,5,3,4,2,3,1,2,3,2,5,4
"309","A-088","One Week Post-Exposure","Yes, I have a smartphone with me.","iPhone","12","Instagram",3,3,4,4,20,60,30,5,2,4,3,0,4,5,2,5,3,4,4,3,5,2
"310","A-088","One Week Post-Exposure","Yes, I have a smartphone with me.","iPhone","12","Snapchat",0,2,4,4,20,60,30,5,2,4,3,0,4,5,2,5,3,4,4,3,5,2
"311","A-088","One Week Post-Exposure","Yes, I have a smartphone with me.","iPhone","12","Whatsapp",2,3,4,4,20,60,30,5,2,4,3,0,4,5,2,5,3,4,4,3,5,2
"312","A-092","One Week Post-Exposure","Yes, I have a smartphone with me.","iPhone","13","Instagram",3,4,7,6,150,150,250,3,3,4,4,2,5,5,5,4,4,3,4,5,5,3
"313","A-092","One Week Post-Exposure","Yes, I have a smartphone with me.","iPhone","13","Twitter",1,N/A,7,6,150,150,250,3,3,4,4,2,5,5,5,4,4,3,4,5,5,3
"314","A-092","One Week Post-Exposure","Yes, I have a smartphone with me.","iPhone","13","Facebook",2,2,7,6,150,150,250,3,3,4,4,2,5,5,5,4,4,3,4,5,5,3
"315","A-092","One Week Post-Exposure","Yes, I have a smartphone with me.","iPhone","13","Snapchat",5,5,7,6,150,150,250,3,3,4,4,2,5,5,5,4,4,3,4,5,5,3
"316","A-092","One Week Post-Exposure","Yes, I have a smartphone with me.","iPhone","13","Tiktok",5,3,7,6,150,150,250,3,3,4,4,2,5,5,5,4,4,3,4,5,5,3
"317","A-092","One Week Post-Exposure","Yes, I have a smartphone with me.","iPhone","13","Youtube",2,1,7,6,150,150,250,3,3,4,4,2,5,5,5,4,4,3,4,5,5,3
"318","A-092","One Week Post-Exposure","Yes, I have a smartphone with me.","iPhone","13","Reddit",1,1,7,6,150,150,250,3,3,4,4,2,5,5,5,4,4,3,4,5,5,3
"319","A-092","One Week Post-Exposure","Yes, I have a smartphone with me.","iPhone","13","LinkedIn",1,1,7,6,150,150,250,3,3,4,4,2,5,5,5,4,4,3,4,5,5,3
"320","A-092","One Week Post-Exposure","Yes, I have a smartphone with me.","iPhone","13","Pinterest",1,1,7,6,150,150,250,3,3,4,4,2,5,5,5,4,4,3,4,5,5,3
"321","A-087","One Week Post-Exposure","Yes, I have a smartphone with me.","iPhone","13","Instagram",3,3,7,5,5,20,20,2,3,5,5,4,4,3,1,4,1,2,2,4,2,1
"322","A-087","One Week Post-Exposure","Yes, I have a smartphone with me.","iPhone","13","Snapchat",1,2,7,5,5,20,20,2,3,5,5,4,4,3,1,4,1,2,2,4,2,1
"323","A-087","One Week Post-Exposure","Yes, I have a smartphone with me.","iPhone","13","Tiktok",6,3,7,5,5,20,20,2,3,5,5,4,4,3,1,4,1,2,2,4,2,1
"324","A-087","One Week Post-Exposure","Yes, I have a smartphone with me.","iPhone","13","Youtube",5,2,7,5,5,20,20,2,3,5,5,4,4,3,1,4,1,2,2,4,2,1
"325","A-087","One Week Post-Exposure","Yes, I have a smartphone with me.","iPhone","13","Reddit",0,0,7,5,5,20,20,2,3,5,5,4,4,3,1,4,1,2,2,4,2,1
"326","A-101","One Week Post-Exposure","Yes, I have a smartphone with me.","iPhone","13","Instagram",3,3,4,5,20,40,45,4,3,4,3,0,3,2,1,2,2,4,3,2,5,2
"327","A-101","One Week Post-Exposure","Yes, I have a smartphone with me.","iPhone","13","Snapchat",1,2,4,5,20,40,45,4,3,4,3,0,3,2,1,2,2,4,3,2,5,2
"328","A-101","One Week Post-Exposure","Yes, I have a smartphone with me.","iPhone","13","Tiktok",6,3,4,5,20,40,45,4,3,4,3,0,3,2,1,2,2,4,3,2,5,2
"329","A-101","One Week Post-Exposure","Yes, I have a smartphone with me.","iPhone","13","Youtube",4,0,4,5,20,40,45,4,3,4,3,0,3,2,1,2,2,4,3,2,5,2
"330","A-101","One Week Post-Exposure","Yes, I have a smartphone with me.","iPhone","13","Pinterest",2,0,4,5,20,40,45,4,3,4,3,0,3,2,1,2,2,4,3,2,5,2
"331","A-097","One Week Post-Exposure","Yes, I have a smartphone with me.","iPhone","13","Instagram",1,2,10,6,20,40,200,4,3,5,2,0,2,5,2,2,1,1,1,2,4,1
"332","A-097","One Week Post-Exposure","Yes, I have a smartphone with me.","iPhone","13","Twitter",1,N/A,10,6,20,40,200,4,3,5,2,0,2,5,2,2,1,1,1,2,4,1
"333","A-097","One Week Post-Exposure","Yes, I have a smartphone with me.","iPhone","13","Snapchat",3,2,10,6,20,40,200,4,3,5,2,0,2,5,2,2,1,1,1,2,4,1
"334","A-097","One Week Post-Exposure","Yes, I have a smartphone with me.","iPhone","13","Tiktok",8,8,10,6,20,40,200,4,3,5,2,0,2,5,2,2,1,1,1,2,4,1
"335","A-097","One Week Post-Exposure","Yes, I have a smartphone with me.","iPhone","13","Youtube",5,2,10,6,20,40,200,4,3,5,2,0,2,5,2,2,1,1,1,2,4,1
"336","A-097","One Week Post-Exposure","Yes, I have a smartphone with me.","iPhone","13","Pinterest",2,2,10,6,20,40,200,4,3,5,2,0,2,5,2,2,1,1,1,2,4,1
"337","A-100","One Week Post-Exposure","Yes, I have a smartphone with me.","iPhone","13","Instagram",5,4,10,7,20,20,40,5,4,4,3,2,5,5,3,4,3,2,3,4,5,2
"338","A-100","One Week Post-Exposure","Yes, I have a smartphone with me.","iPhone","13","Facebook",3,3,10,7,20,20,40,5,4,4,3,2,5,5,3,4,3,2,3,4,5,2
"339","A-100","One Week Post-Exposure","Yes, I have a smartphone with me.","iPhone","13","Snapchat",7,5,10,7,20,20,40,5,4,4,3,2,5,5,3,4,3,2,3,4,5,2
"340","A-100","One Week Post-Exposure","Yes, I have a smartphone with me.","iPhone","13","Tiktok",8,7,10,7,20,20,40,5,4,4,3,2,5,5,3,4,3,2,3,4,5,2
"341","A-100","One Week Post-Exposure","Yes, I have a smartphone with me.","iPhone","13","Youtube",0,1,10,7,20,20,40,5,4,4,3,2,5,5,3,4,3,2,3,4,5,2
"342","A-110","One Week Post-Exposure","Yes, I have a smartphone with me.","Android","12","Youtube",3,1,3,4,50,50,20,1,2,3,2,3,2,2,2,2,2,2,2,2,4,2
"343","A-110","One Week Post-Exposure","Yes, I have a smartphone with me.","Android","12","LinkedIn",0,1,3,4,50,50,20,1,2,3,2,3,2,2,2,2,2,2,2,2,4,2
"344","A-098","One Week Post-Exposure","Yes, I have a smartphone with me.","iPhone","12","Instagram",5,5,16,7,2,2,50,4,3,5,3,6,1,5,2,6,5,3,3,5,5,2
"345","A-098","One Week Post-Exposure","Yes, I have a smartphone with me.","iPhone","12","Snapchat",7,8,16,7,2,2,50,4,3,5,3,6,1,5,2,6,5,3,3,5,5,2
"346","A-098","One Week Post-Exposure","Yes, I have a smartphone with me.","iPhone","12","Tiktok",7,5,16,7,2,2,50,4,3,5,3,6,1,5,2,6,5,3,3,5,5,2
"347","A-098","One Week Post-Exposure","Yes, I have a smartphone with me.","iPhone","12","Pinterest",2,1,16,7,2,2,50,4,3,5,3,6,1,5,2,6,5,3,3,5,5,2
"348","A-096","One Week Post-Exposure","Yes, I have a smartphone with me.","iPhone","4","Instagram",5,5,15,5,1,2,100,2,2,5,5,8,5,2,4,6,3,1,2,3,4,1
"349","A-096","One Week Post-Exposure","Yes, I have a smartphone with me.","iPhone","4","Tiktok",7,3,15,5,1,2,100,2,2,5,5,8,5,2,4,6,3,1,2,3,4,1
"350","A-096","One Week Post-Exposure","Yes, I have a smartphone with me.","iPhone","4","Youtube",8,8,15,5,1,2,100,2,2,5,5,8,5,2,4,6,3,1,2,3,4,1
"351","A-107","One Week Post-Exposure","Yes, I have a smartphone with me.","iPhone","13","Twitter",2,N/A,2,5,25,25,50,1,3,4,3,0,1,2,2,2,2,2,1,2,5,3
"352","A-107","One Week Post-Exposure","Yes, I have a smartphone with me.","iPhone","13","Snapchat",1,2,2,5,25,25,50,1,3,4,3,0,1,2,2,2,2,2,1,2,5,3
"353","A-107","One Week Post-Exposure","Yes, I have a smartphone with me.","iPhone","13","Tiktok",2,2,2,5,25,25,50,1,3,4,3,0,1,2,2,2,2,2,1,2,5,3
"354","A-107","One Week Post-Exposure","Yes, I have a smartphone with me.","iPhone","13","Youtube",1,1,2,5,25,25,50,1,3,4,3,0,1,2,2,2,2,2,1,2,5,3
"355","A-107","One Week Post-Exposure","Yes, I have a smartphone with me.","iPhone","13","Reddit",1,0,2,5,25,25,50,1,3,4,3,0,1,2,2,2,2,2,1,2,5,3
"356","A-072","One Week Post-Exposure","Yes, I have a smartphone with me.","iPhone","11","Snapchat",1,1,4,2,10,20,50,2,2,3,2,3,1,2,1,1,1,1,1,2,4,1
"357","A-072","One Week Post-Exposure","Yes, I have a smartphone with me.","iPhone","11","Tiktok",6,2,4,2,10,20,50,2,2,3,2,3,1,2,1,1,1,1,1,2,4,1
"358","A-106","One Week Post-Exposure","Yes, I have a smartphone with me.","iPhone","13","Instagram",4,5,7.5,9,100,100,250,6,5,4,4,2,2,6,3,3,4,5,3,4,5,4
"359","A-106","One Week Post-Exposure","Yes, I have a smartphone with me.","iPhone","13","Twitter",3,N/A,7.5,9,100,100,250,6,5,4,4,2,2,6,3,3,4,5,3,4,5,4
"360","A-106","One Week Post-Exposure","Yes, I have a smartphone with me.","iPhone","13","Facebook",1,2,7.5,9,100,100,250,6,5,4,4,2,2,6,3,3,4,5,3,4,5,4
"361","A-106","One Week Post-Exposure","Yes, I have a smartphone with me.","iPhone","13","Snapchat",0,1,7.5,9,100,100,250,6,5,4,4,2,2,6,3,3,4,5,3,4,5,4
"362","A-106","One Week Post-Exposure","Yes, I have a smartphone with me.","iPhone","13","Youtube",2,1,7.5,9,100,100,250,6,5,4,4,2,2,6,3,3,4,5,3,4,5,4
"363","A-106","One Week Post-Exposure","Yes, I have a smartphone with me.","iPhone","13","Whatsapp",0,1,7.5,9,100,100,250,6,5,4,4,2,2,6,3,3,4,5,3,4,5,4
"364","A-108","One Week Post-Exposure","Yes, I have a smartphone with me.","iPhone","13","Instagram",5,3,6,3,50,50,80,2,2,4,3,4,2,5,2,3,2,3,5,4,6,3
"365","A-108","One Week Post-Exposure","Yes, I have a smartphone with me.","iPhone","13","Facebook",5,3,6,3,50,50,80,2,2,4,3,4,2,5,2,3,2,3,5,4,6,3
"366","A-108","One Week Post-Exposure","Yes, I have a smartphone with me.","iPhone","13","Snapchat",2,2,6,3,50,50,80,2,2,4,3,4,2,5,2,3,2,3,5,4,6,3
"367","A-108","One Week Post-Exposure","Yes, I have a smartphone with me.","iPhone","13","Whatsapp",0,1,6,3,50,50,80,2,2,4,3,4,2,5,2,3,2,3,5,4,6,3
"368","A-109","One Week Post-Exposure","Yes, I have a smartphone with me.","iPhone","14","Snapchat",1,4,30,5,100,100,200,2,2,3,2,0,6,6,1,1,1,1,1,1,6,1
"369","A-109","One Week Post-Exposure","Yes, I have a smartphone with me.","iPhone","14","Youtube",1,0,30,5,100,100,200,2,2,3,2,0,6,6,1,1,1,1,1,1,6,1
"370","A-109","One Week Post-Exposure","Yes, I have a smartphone with me.","iPhone","14","LinkedIn",5,6,30,5,100,100,200,2,2,3,2,0,6,6,1,1,1,1,1,1,6,1
"371","A-109","One Week Post-Exposure","Yes, I have a smartphone with me.","iPhone","14","Whatsapp",0,1,30,5,100,100,200,2,2,3,2,0,6,6,1,1,1,1,1,1,6,1
"372","A-102","One Week Post-Exposure","Yes, I have a smartphone with me.","iPhone","12","Instagram",3,2,7,5,40,50,100,2,2,5,3,7,1,2,4,6,3,3,5,1,5,3
"373","A-102","One Week Post-Exposure","Yes, I have a smartphone with me.","iPhone","12","Tiktok",6,3,7,5,40,50,100,2,2,5,3,7,1,2,4,6,3,3,5,1,5,3
"374","A-102","One Week Post-Exposure","Yes, I have a smartphone with me.","iPhone","12","Youtube",7,3,7,5,40,50,100,2,2,5,3,7,1,2,4,6,3,3,5,1,5,3
"375","A-103","One Week Post-Exposure","Yes, I have a smartphone with me.","iPhone","11","Instagram",2,1,5,5,20,40,50,3,2,4,3,1,2,3,1,4,4,2,2,3,5,1
"376","A-103","One Week Post-Exposure","Yes, I have a smartphone with me.","iPhone","11","Snapchat",4,5,5,5,20,40,50,3,2,4,3,1,2,3,1,4,4,2,2,3,5,1
"377","A-103","One Week Post-Exposure","Yes, I have a smartphone with me.","iPhone","11","Tiktok",5,2,5,5,20,40,50,3,2,4,3,1,2,3,1,4,4,2,2,3,5,1
"378","A-104","One Week Post-Exposure","Yes, I have a smartphone with me.","iPhone","13","Instagram",6,5,8,6,60,60,100,3,3,4,3,5,4,4,3,2,2,3,4,2,5,2
"379","A-104","One Week Post-Exposure","Yes, I have a smartphone with me.","iPhone","13","Twitter",2,8,8,6,60,60,100,3,3,4,3,5,4,4,3,2,2,3,4,2,5,2
"380","A-104","One Week Post-Exposure","Yes, I have a smartphone with me.","iPhone","13","Snapchat",5,5,8,6,60,60,100,3,3,4,3,5,4,4,3,2,2,3,4,2,5,2
"381","A-104","One Week Post-Exposure","Yes, I have a smartphone with me.","iPhone","13","Tiktok",6,4,8,6,60,60,100,3,3,4,3,5,4,4,3,2,2,3,4,2,5,2
"382","A-104","One Week Post-Exposure","Yes, I have a smartphone with me.","iPhone","13","Youtube",4,1,8,6,60,60,100,3,3,4,3,5,4,4,3,2,2,3,4,2,5,2
"383","A-104","One Week Post-Exposure","Yes, I have a smartphone with me.","iPhone","13","Pinterest",1,0,8,6,60,60,100,3,3,4,3,5,4,4,3,2,2,3,4,2,5,2
"384","A-105","One Week Post-Exposure","Yes, I have a smartphone with me.","iPhone","13","Instagram",3,2,6,5,25,40,40,3,2,4,3,6,4,4,3,3,3,2,4,5,6,2
"385","A-105","One Week Post-Exposure","Yes, I have a smartphone with me.","iPhone","13","Facebook",0,1,6,5,25,40,40,3,2,4,3,6,4,4,3,3,3,2,4,5,6,2
"386","A-105","One Week Post-Exposure","Yes, I have a smartphone with me.","iPhone","13","Snapchat",6,4,6,5,25,40,40,3,2,4,3,6,4,4,3,3,3,2,4,5,6,2
"387","A-105","One Week Post-Exposure","Yes, I have a smartphone with me.","iPhone","13","Tiktok",7,2,6,5,25,40,40,3,2,4,3,6,4,4,3,3,3,2,4,5,6,2
"388","A-105","One Week Post-Exposure","Yes, I have a smartphone with me.","iPhone","13","Youtube",3,1,6,5,25,40,40,3,2,4,3,6,4,4,3,3,3,2,4,5,6,2
"389","A-105","One Week Post-Exposure","Yes, I have a smartphone with me.","iPhone","13","Pinterest",3,1,6,5,25,40,40,3,2,4,3,6,4,4,3,3,3,2,4,5,6,2
"390","A-111","One Week Post-Exposure","Yes, I have a smartphone with me.","iPhone","16","Twitter",2,N/A,2,3,10,12,0,2,2,4,2,0,1,1,1,1,1,1,1,1,3,1
"391","A-111","One Week Post-Exposure","Yes, I have a smartphone with me.","iPhone","16","Facebook",2,2,2,3,10,12,0,2,2,4,2,0,1,1,1,1,1,1,1,1,3,1
"392","A-111","One Week Post-Exposure","Yes, I have a smartphone with me.","iPhone","16","Reddit",1,1,2,3,10,12,0,2,2,4,2,0,1,1,1,1,1,1,1,1,3,1
"393","A-111","One Week Post-Exposure","Yes, I have a smartphone with me.","iPhone","16","LinkedIn",1,1,2,3,10,12,0,2,2,4,2,0,1,1,1,1,1,1,1,1,3,1
"394","A-120","One Week Post-Exposure","Yes, I have a smartphone with me.","Android","13","Instagram",4,3,12,9,100,100,150,2,5,5,3,0,1,1,1,5,6,1,3,5,3,1
"395","A-120","One Week Post-Exposure","Yes, I have a smartphone with me.","Android","13","Twitter",4,N/A,12,9,100,100,150,2,5,5,3,0,1,1,1,5,6,1,3,5,3,1
"396","A-120","One Week Post-Exposure","Yes, I have a smartphone with me.","Android","13","Facebook",4,3,12,9,100,100,150,2,5,5,3,0,1,1,1,5,6,1,3,5,3,1
"397","A-120","One Week Post-Exposure","Yes, I have a smartphone with me.","Android","13","Snapchat",2,2,12,9,100,100,150,2,5,5,3,0,1,1,1,5,6,1,3,5,3,1
"398","A-120","One Week Post-Exposure","Yes, I have a smartphone with me.","Android","13","Tiktok",5,3,12,9,100,100,150,2,5,5,3,0,1,1,1,5,6,1,3,5,3,1
"399","A-120","One Week Post-Exposure","Yes, I have a smartphone with me.","Android","13","Youtube",5,3,12,9,100,100,150,2,5,5,3,0,1,1,1,5,6,1,3,5,3,1
"400","A-120","One Week Post-Exposure","Yes, I have a smartphone with me.","Android","13","Reddit",7,6,12,9,100,100,150,2,5,5,3,0,1,1,1,5,6,1,3,5,3,1
"401","A-120","One Week Post-Exposure","Yes, I have a smartphone with me.","Android","13","LinkedIn",2,1,12,9,100,100,150,2,5,5,3,0,1,1,1,5,6,1,3,5,3,1
"402","A-118","One Week Post-Exposure","Yes, I have a smartphone with me.","iPhone","16","Instagram",4,3,7,5,250,300,250,3,1,3,2,3,3,4,2,1,1,2,1,2,6,1
"403","A-118","One Week Post-Exposure","Yes, I have a smartphone with me.","iPhone","16","Youtube",6,3,7,5,250,300,250,3,1,3,2,3,3,4,2,1,1,2,1,2,6,1
"404","A-049","One Week Post-Exposure","Yes, I have a smartphone with me.","iPhone","13","Instagram",5,2,7,5,200,300,50,4,6,4,4,0,5,5,5,5,4,4,4,4,5,4
"405","A-049","One Week Post-Exposure","Yes, I have a smartphone with me.","iPhone","13","Twitter",7,N/A,7,5,200,300,50,4,6,4,4,0,5,5,5,5,4,4,4,4,5,4
"406","A-049","One Week Post-Exposure","Yes, I have a smartphone with me.","iPhone","13","Snapchat",6,4,7,5,200,300,50,4,6,4,4,0,5,5,5,5,4,4,4,4,5,4
"407","A-049","One Week Post-Exposure","Yes, I have a smartphone with me.","iPhone","13","Tiktok",3,1,7,5,200,300,50,4,6,4,4,0,5,5,5,5,4,4,4,4,5,4
"408","A-116","One Week Post-Exposure","Yes, I have a smartphone with me.","iPhone","13","Instagram",4,3,7,5,30,40,N/A,2,4,4,3,3,2,3,1,4,2,2,4,3,4,1
"409","A-116","One Week Post-Exposure","Yes, I have a smartphone with me.","iPhone","13","Twitter",3,N/A,7,5,30,40,N/A,2,4,4,3,3,2,3,1,4,2,2,4,3,4,1
"410","A-116","One Week Post-Exposure","Yes, I have a smartphone with me.","iPhone","13","Facebook",0,0,7,5,30,40,N/A,2,4,4,3,3,2,3,1,4,2,2,4,3,4,1
"411","A-116","One Week Post-Exposure","Yes, I have a smartphone with me.","iPhone","13","Snapchat",4,3,7,5,30,40,N/A,2,4,4,3,3,2,3,1,4,2,2,4,3,4,1
"412","A-116","One Week Post-Exposure","Yes, I have a smartphone with me.","iPhone","13","Youtube",3,1,7,5,30,40,N/A,2,4,4,3,3,2,3,1,4,2,2,4,3,4,1
"413","A-116","One Week Post-Exposure","Yes, I have a smartphone with me.","iPhone","13","Reddit",0,0,7,5,30,40,N/A,2,4,4,3,3,2,3,1,4,2,2,4,3,4,1
"414","A-060","One Week Post-Exposure","Yes, I have a smartphone with me.","iPhone","13","Instagram",3,2,4,6,20,100,200,2,2,5,3,4,1,4,1,3,2,2,2,2,5,1
"415","A-060","One Week Post-Exposure","Yes, I have a smartphone with me.","iPhone","13","Twitter",3,N/A,4,6,20,100,200,2,2,5,3,4,1,4,1,3,2,2,2,2,5,1
"416","A-060","One Week Post-Exposure","Yes, I have a smartphone with me.","iPhone","13","Facebook",0,0,4,6,20,100,200,2,2,5,3,4,1,4,1,3,2,2,2,2,5,1
"417","A-060","One Week Post-Exposure","Yes, I have a smartphone with me.","iPhone","13","Snapchat",3,4,4,6,20,100,200,2,2,5,3,4,1,4,1,3,2,2,2,2,5,1
"418","A-060","One Week Post-Exposure","Yes, I have a smartphone with me.","iPhone","13","Tiktok",4,2,4,6,20,100,200,2,2,5,3,4,1,4,1,3,2,2,2,2,5,1
"419","A-060","One Week Post-Exposure","Yes, I have a smartphone with me.","iPhone","13","Youtube",3,2,4,6,20,100,200,2,2,5,3,4,1,4,1,3,2,2,2,2,5,1
"420","A-023","One Week Post-Exposure","Yes, I have a smartphone with me.","iPhone","13","Instagram",3,2,4,4,10,40,35,3,2,3,3,5,4,4,2,1,1,1,1,1,3,1
"421","A-023","One Week Post-Exposure","Yes, I have a smartphone with me.","iPhone","13","Twitter",0,N/A,4,4,10,40,35,3,2,3,3,5,4,4,2,1,1,1,1,1,3,1
"422","A-023","One Week Post-Exposure","Yes, I have a smartphone with me.","iPhone","13","Snapchat",5,3,4,4,10,40,35,3,2,3,3,5,4,4,2,1,1,1,1,1,3,1
"423","A-023","One Week Post-Exposure","Yes, I have a smartphone with me.","iPhone","13","Tiktok",0,0,4,4,10,40,35,3,2,3,3,5,4,4,2,1,1,1,1,1,3,1
"424","A-023","One Week Post-Exposure","Yes, I have a smartphone with me.","iPhone","13","Youtube",3,1,4,4,10,40,35,3,2,3,3,5,4,4,2,1,1,1,1,1,3,1
"425","A-023","One Week Post-Exposure","Yes, I have a smartphone with me.","iPhone","13","Pinterest",1,0,4,4,10,40,35,3,2,3,3,5,4,4,2,1,1,1,1,1,3,1
"426","A-045","One Week Post-Exposure","Yes, I have a smartphone with me.","iPhone","13","Instagram",5,3,6,4,50,50,50,3,4,4,3,4,5,4,4,4,2,3,1,4,5,1
"427","A-045","One Week Post-Exposure","Yes, I have a smartphone with me.","iPhone","13","Snapchat",0,1,6,4,50,50,50,3,4,4,3,4,5,4,4,4,2,3,1,4,5,1
"428","A-045","One Week Post-Exposure","Yes, I have a smartphone with me.","iPhone","13","Youtube",4,2,6,4,50,50,50,3,4,4,3,4,5,4,4,4,2,3,1,4,5,1
"429","A-045","One Week Post-Exposure","Yes, I have a smartphone with me.","iPhone","13","Pinterest",4,3,6,4,50,50,50,3,4,4,3,4,5,4,4,4,2,3,1,4,5,1
"430","A-045","One Week Post-Exposure","Yes, I have a smartphone with me.","iPhone","13","Whatsapp",0,0,6,4,50,50,50,3,4,4,3,4,5,4,4,4,2,3,1,4,5,1
"431","A-017","One Week Post-Exposure","Yes, I have a smartphone with me.","iPhone","20","Instagram",7,2,6,1,12,16,4,2,3,4,4,3,6,2,3,4,2,6,3,5,6,4
"432","A-017","One Week Post-Exposure","Yes, I have a smartphone with me.","iPhone","20","Facebook",1,0,6,1,12,16,4,2,3,4,4,3,6,2,3,4,2,6,3,5,6,4
"433","A-017","One Week Post-Exposure","Yes, I have a smartphone with me.","iPhone","20","Snapchat",4,2,6,1,12,16,4,2,3,4,4,3,6,2,3,4,2,6,3,5,6,4
"434","A-017","One Week Post-Exposure","Yes, I have a smartphone with me.","iPhone","20","Youtube",3,1,6,1,12,16,4,2,3,4,4,3,6,2,3,4,2,6,3,5,6,4
"435","A-075","One Week Post-Exposure","Yes, I have a smartphone with me.","iPhone","12","Instagram",4,5,7,7,100,100,150,3,3,4,3,3,2,4,1,2,4,4,3,5,6,2
"436","A-075","One Week Post-Exposure","Yes, I have a smartphone with me.","iPhone","12","Snapchat",5,6,7,7,100,100,150,3,3,4,3,3,2,4,1,2,4,4,3,5,6,2
"437","A-075","One Week Post-Exposure","Yes, I have a smartphone with me.","iPhone","12","Tiktok",5,4,7,7,100,100,150,3,3,4,3,3,2,4,1,2,4,4,3,5,6,2
"438","A-054","One Week Post-Exposure","Yes, I have a smartphone with me.","iPhone","18","Instagram",5,2,6,3,3,15,20,2,2,4,2,0,2,5,5,5,5,5,5,5,5,2
"439","A-054","One Week Post-Exposure","Yes, I have a smartphone with me.","iPhone","18","Facebook",2,1,6,3,3,15,20,2,2,4,2,0,2,5,5,5,5,5,5,5,5,2
"440","A-054","One Week Post-Exposure","Yes, I have a smartphone with me.","iPhone","18","Snapchat",1,1,6,3,3,15,20,2,2,4,2,0,2,5,5,5,5,5,5,5,5,2
"441","A-054","One Week Post-Exposure","Yes, I have a smartphone with me.","iPhone","18","Youtube",0,0,6,3,3,15,20,2,2,4,2,0,2,5,5,5,5,5,5,5,5,2
"442","A-054","One Week Post-Exposure","Yes, I have a smartphone with me.","iPhone","18","LinkedIn",0,0,6,3,3,15,20,2,2,4,2,0,2,5,5,5,5,5,5,5,5,2
"443","A-054","One Week Post-Exposure","Yes, I have a smartphone with me.","iPhone","18","Pinterest",0,0,6,3,3,15,20,2,2,4,2,0,2,5,5,5,5,5,5,5,5,2
"444","A-055","One Week Post-Exposure","Yes, I have a smartphone with me.","Android","12","Instagram",5,3,6,5,10,10,100,2,3,5,3,7,2,2,4,1,2,2,2,4,5,2
"445","A-055","One Week Post-Exposure","Yes, I have a smartphone with me.","Android","12","Twitter",0,N/A,6,5,10,10,100,2,3,5,3,7,2,2,4,1,2,2,2,4,5,2
"446","A-055","One Week Post-Exposure","Yes, I have a smartphone with me.","Android","12","Facebook",1,1,6,5,10,10,100,2,3,5,3,7,2,2,4,1,2,2,2,4,5,2
"447","A-055","One Week Post-Exposure","Yes, I have a smartphone with me.","Android","12","Snapchat",1,1,6,5,10,10,100,2,3,5,3,7,2,2,4,1,2,2,2,4,5,2
"448","A-055","One Week Post-Exposure","Yes, I have a smartphone with me.","Android","12","Youtube",7,3,6,5,10,10,100,2,3,5,3,7,2,2,4,1,2,2,2,4,5,2
"449","A-015","One Week Post-Exposure","Yes, I have a smartphone with me.","iPhone","13","Instagram",6,2,8,6,20,20,30,3,3,4,3,7,4,3,4,3,2,2,2,3,3,4
"450","A-015","One Week Post-Exposure","Yes, I have a smartphone with me.","iPhone","13","Facebook",2,1,8,6,20,20,30,3,3,4,3,7,4,3,4,3,2,2,2,3,3,4
"451","A-015","One Week Post-Exposure","Yes, I have a smartphone with me.","iPhone","13","Snapchat",7,3,8,6,20,20,30,3,3,4,3,7,4,3,4,3,2,2,2,3,3,4
"452","A-015","One Week Post-Exposure","Yes, I have a smartphone with me.","iPhone","13","Tiktok",7,3,8,6,20,20,30,3,3,4,3,7,4,3,4,3,2,2,2,3,3,4
"453","A-015","One Week Post-Exposure","Yes, I have a smartphone with me.","iPhone","13","Youtube",7,2,8,6,20,20,30,3,3,4,3,7,4,3,4,3,2,2,2,3,3,4
"454","A-074","One Week Post-Exposure","Yes, I have a smartphone with me.","iPhone","13","Instagram",5,5,7.5,9,300,300,350,3,3,4,3,5,1,4,1,4,2,1,4,2,5,1
"455","A-074","One Week Post-Exposure","Yes, I have a smartphone with me.","iPhone","13","Twitter",4,N/A,7.5,9,300,300,350,3,3,4,3,5,1,4,1,4,2,1,4,2,5,1
"456","A-074","One Week Post-Exposure","Yes, I have a smartphone with me.","iPhone","13","Facebook",1,1,7.5,9,300,300,350,3,3,4,3,5,1,4,1,4,2,1,4,2,5,1
"457","A-074","One Week Post-Exposure","Yes, I have a smartphone with me.","iPhone","13","Snapchat",5,7,7.5,9,300,300,350,3,3,4,3,5,1,4,1,4,2,1,4,2,5,1
"458","A-074","One Week Post-Exposure","Yes, I have a smartphone with me.","iPhone","13","Tiktok",7,7,7.5,9,300,300,350,3,3,4,3,5,1,4,1,4,2,1,4,2,5,1
"459","A-074","One Week Post-Exposure","Yes, I have a smartphone with me.","iPhone","13","Youtube",5,1,7.5,9,300,300,350,3,3,4,3,5,1,4,1,4,2,1,4,2,5,1
"460","A-046","One Week Post-Exposure","Yes, I have a smartphone with me.","iPhone","12","Instagram",5,4,6,6,20,60,120,5,5,4,3,3,5,5,4,2,4,2,1,3,5,2
"461","A-046","One Week Post-Exposure","Yes, I have a smartphone with me.","iPhone","12","Twitter",0,N/A,6,6,20,60,120,5,5,4,3,3,5,5,4,2,4,2,1,3,5,2
"462","A-046","One Week Post-Exposure","Yes, I have a smartphone with me.","iPhone","12","Snapchat",0,0,6,6,20,60,120,5,5,4,3,3,5,5,4,2,4,2,1,3,5,2
"463","A-046","One Week Post-Exposure","Yes, I have a smartphone with me.","iPhone","12","Youtube",1,0,6,6,20,60,120,5,5,4,3,3,5,5,4,2,4,2,1,3,5,2
"464","A-046","One Week Post-Exposure","Yes, I have a smartphone with me.","iPhone","12","Pinterest",1,1,6,6,20,60,120,5,5,4,3,3,5,5,4,2,4,2,1,3,5,2
"465","A-046","One Week Post-Exposure","Yes, I have a smartphone with me.","iPhone","12","Whatsapp",0,0,6,6,20,60,120,5,5,4,3,3,5,5,4,2,4,2,1,3,5,2
"466","A-119","One Week Post-Exposure","Yes, I have a smartphone with me.","iPhone","13","Instagram",3,3,6,7,75,150,200,2,2,4,2,6,6,5,1,4,2,2,3,4,5,2
"467","A-119","One Week Post-Exposure","Yes, I have a smartphone with me.","iPhone","13","Twitter",2,N/A,6,7,75,150,200,2,2,4,2,6,6,5,1,4,2,2,3,4,5,2
"468","A-119","One Week Post-Exposure","Yes, I have a smartphone with me.","iPhone","13","Snapchat",1,2,6,7,75,150,200,2,2,4,2,6,6,5,1,4,2,2,3,4,5,2
"469","A-119","One Week Post-Exposure","Yes, I have a smartphone with me.","iPhone","13","Tiktok",5,3,6,7,75,150,200,2,2,4,2,6,6,5,1,4,2,2,3,4,5,2
"470","A-119","One Week Post-Exposure","Yes, I have a smartphone with me.","iPhone","13","Youtube",6,3,6,7,75,150,200,2,2,4,2,6,6,5,1,4,2,2,3,4,5,2
"471","A-119","One Week Post-Exposure","Yes, I have a smartphone with me.","iPhone","13","Reddit",0,1,6,7,75,150,200,2,2,4,2,6,6,5,1,4,2,2,3,4,5,2
"472","A-073","One Week Post-Exposure","Yes, I have a smartphone with me.","iPhone","12","Instagram",5,5,7,8,200,200,300,3,2,4,4,0,5,5,4,6,2,5,4,4,5,2
"473","A-073","One Week Post-Exposure","Yes, I have a smartphone with me.","iPhone","12","Facebook",3,4,7,8,200,200,300,3,2,4,4,0,5,5,4,6,2,5,4,4,5,2
"474","A-073","One Week Post-Exposure","Yes, I have a smartphone with me.","iPhone","12","Snapchat",5,8,7,8,200,200,300,3,2,4,4,0,5,5,4,6,2,5,4,4,5,2
"475","A-073","One Week Post-Exposure","Yes, I have a smartphone with me.","iPhone","12","Tiktok",6,3,7,8,200,200,300,3,2,4,4,0,5,5,4,6,2,5,4,4,5,2
"476","A-073","One Week Post-Exposure","Yes, I have a smartphone with me.","iPhone","12","LinkedIn",2,1,7,8,200,200,300,3,2,4,4,0,5,5,4,6,2,5,4,4,5,2
"477","A-073","One Week Post-Exposure","Yes, I have a smartphone with me.","iPhone","12","Pinterest",1,1,7,8,200,200,300,3,2,4,4,0,5,5,4,6,2,5,4,4,5,2
"478","A-099","One Week Post-Exposure","Yes, I have a smartphone with me.","iPhone","13","Instagram",2,3,4,5,50,70,100,2,3,4,2,5,2,3,1,3,4,2,2,2,5,1
"479","A-099","One Week Post-Exposure","Yes, I have a smartphone with me.","iPhone","13","Facebook",3,5,4,5,50,70,100,2,3,4,2,5,2,3,1,3,4,2,2,2,5,1
"480","A-099","One Week Post-Exposure","Yes, I have a smartphone with me.","iPhone","13","Snapchat",2,3,4,5,50,70,100,2,3,4,2,5,2,3,1,3,4,2,2,2,5,1
"481","A-099","One Week Post-Exposure","Yes, I have a smartphone with me.","iPhone","13","Youtube",5,3,4,5,50,70,100,2,3,4,2,5,2,3,1,3,4,2,2,2,5,1
"482","A-099","One Week Post-Exposure","Yes, I have a smartphone with me.","iPhone","13","LinkedIn",1,1,4,5,50,70,100,2,3,4,2,5,2,3,1,3,4,2,2,2,5,1
"483","A-112","One Week Post-Exposure","Yes, I have a smartphone with me.","iPhone","16","Instagram",3,2,2,3,7,12,0,3,4,4,2,4,2,3,1,3,3,1,2,3,6,3
"484","A-112","One Week Post-Exposure","Yes, I have a smartphone with me.","iPhone","16","Snapchat",0,1,2,3,7,12,0,3,4,4,2,4,2,3,1,3,3,1,2,3,6,3
"485","A-112","One Week Post-Exposure","Yes, I have a smartphone with me.","iPhone","16","Tiktok",3,2,2,3,7,12,0,3,4,4,2,4,2,3,1,3,3,1,2,3,6,3
"486","A-112","One Week Post-Exposure","Yes, I have a smartphone with me.","iPhone","16","Pinterest",0,0,2,3,7,12,0,3,4,4,2,4,2,3,1,3,3,1,2,3,6,3
"487","A-007","One Week Post-Exposure","Yes, I have a smartphone with me.","iPhone","15","Instagram",3,2,3.5,2,40,35,30,4,4,3,2,4,2,1,1,1,1,1,1,2,3,1
"488","A-007","One Week Post-Exposure","Yes, I have a smartphone with me.","iPhone","15","Snapchat",1,2,3.5,2,40,35,30,4,4,3,2,4,2,1,1,1,1,1,1,2,3,1
"489","A-007","One Week Post-Exposure","Yes, I have a smartphone with me.","iPhone","15","Tiktok",4,2,3.5,2,40,35,30,4,4,3,2,4,2,1,1,1,1,1,1,2,3,1
"490","A-007","One Week Post-Exposure","Yes, I have a smartphone with me.","iPhone","15","Youtube",1,1,3.5,2,40,35,30,4,4,3,2,4,2,1,1,1,1,1,1,2,3,1
"491","A-007","One Week Post-Exposure","Yes, I have a smartphone with me.","iPhone","15","Reddit",2,1,3.5,2,40,35,30,4,4,3,2,4,2,1,1,1,1,1,1,2,3,1
"492","A-068","One Week Post-Exposure","Yes, I have a smartphone with me.","iPhone","13","Instagram",3,4,4,6,15,20,50,5,3,5,5,3,5,3,2,3,3,5,3,5,5,2
"493","A-068","One Week Post-Exposure","Yes, I have a smartphone with me.","iPhone","13","Youtube",3,2,4,6,15,20,50,5,3,5,5,3,5,3,2,3,3,5,3,5,5,2
"494","A-068","One Week Post-Exposure","Yes, I have a smartphone with me.","iPhone","13","Reddit",1,2,4,6,15,20,50,5,3,5,5,3,5,3,2,3,3,5,3,5,5,2
"495","A-122","One Week Post-Exposure","Yes, I have a smartphone with me.","iPhone","15","Instagram",1,2,2,5,50,50,60,2,1,3,1,4,1,1,1,3,2,1,1,2,2,1
"496","A-122","One Week Post-Exposure","Yes, I have a smartphone with me.","iPhone","15","Snapchat",3,3,2,5,50,50,60,2,1,3,1,4,1,1,1,3,2,1,1,2,2,1
"497","A-122","One Week Post-Exposure","Yes, I have a smartphone with me.","iPhone","15","Youtube",4,2,2,5,50,50,60,2,1,3,1,4,1,1,1,3,2,1,1,2,2,1
"498","A-090","One Week Post-Exposure","Yes, I have a smartphone with me.","iPhone","14","Instagram",6,4,8,5,10,30,50,3,4,4,3,4,2,3,2,5,2,2,5,4,5,2
"499","A-090","One Week Post-Exposure","Yes, I have a smartphone with me.","iPhone","14","Facebook",0,0,8,5,10,30,50,3,4,4,3,4,2,3,2,5,2,2,5,4,5,2
"500","A-090","One Week Post-Exposure","Yes, I have a smartphone with me.","iPhone","14","Snapchat",5,3,8,5,10,30,50,3,4,4,3,4,2,3,2,5,2,2,5,4,5,2
"501","A-090","One Week Post-Exposure","Yes, I have a smartphone with me.","iPhone","14","Tiktok",7,4,8,5,10,30,50,3,4,4,3,4,2,3,2,5,2,2,5,4,5,2
"502","A-090","One Week Post-Exposure","Yes, I have a smartphone with me.","iPhone","14","LinkedIn",0,0,8,5,10,30,50,3,4,4,3,4,2,3,2,5,2,2,5,4,5,2
"503","A-090","One Week Post-Exposure","Yes, I have a smartphone with me.","iPhone","14","Pinterest",2,1,8,5,10,30,50,3,4,4,3,4,2,3,2,5,2,2,5,4,5,2
"504","A-117","One Week Post-Exposure","Yes, I have a smartphone with me.","iPhone","16","Instagram",3,2,4,5,15,40,30,3,2,4,4,3,3,3,1,3,3,4,1,3,4,1
"505","A-117","One Week Post-Exposure","Yes, I have a smartphone with me.","iPhone","16","Facebook",2,1,4,5,15,40,30,3,2,4,4,3,3,3,1,3,3,4,1,3,4,1
"506","A-117","One Week Post-Exposure","Yes, I have a smartphone with me.","iPhone","16","Snapchat",2,2,4,5,15,40,30,3,2,4,4,3,3,3,1,3,3,4,1,3,4,1
"507","A-117","One Week Post-Exposure","Yes, I have a smartphone with me.","iPhone","16","Youtube",3,1,4,5,15,40,30,3,2,4,4,3,3,3,1,3,3,4,1,3,4,1
"508","A-117","One Week Post-Exposure","Yes, I have a smartphone with me.","iPhone","16","LinkedIn",2,1,4,5,15,40,30,3,2,4,4,3,3,3,1,3,3,4,1,3,4,1
"509","A-117","One Week Post-Exposure","Yes, I have a smartphone with me.","iPhone","16","Whatsapp",0,0,4,5,15,40,30,3,2,4,4,3,3,3,1,3,3,4,1,3,4,1
"510","A-041","One Week Post-Exposure","Yes, I have a smartphone with me.","iPhone","12","Instagram",5,7,8,8,30,50,100,2,4,5,3,0,3,1,3,6,2,3,5,5,6,1
"511","A-041","One Week Post-Exposure","Yes, I have a smartphone with me.","iPhone","12","Twitter",4,N/A,8,8,30,50,100,2,4,5,3,0,3,1,3,6,2,3,5,5,6,1
"512","A-041","One Week Post-Exposure","Yes, I have a smartphone with me.","iPhone","12","Snapchat",4,2,8,8,30,50,100,2,4,5,3,0,3,1,3,6,2,3,5,5,6,1
"513","A-041","One Week Post-Exposure","Yes, I have a smartphone with me.","iPhone","12","Tiktok",6,9,8,8,30,50,100,2,4,5,3,0,3,1,3,6,2,3,5,5,6,1
"514","A-089","One Week Post-Exposure","Yes, I have a smartphone with me.","iPhone","12","Instagram",3,3,4,4,25,100,150,1,1,4,3,5,2,1,1,3,2,2,1,2,4,1
"515","A-089","One Week Post-Exposure","Yes, I have a smartphone with me.","iPhone","12","Twitter",1,N/A,4,4,25,100,150,1,1,4,3,5,2,1,1,3,2,2,1,2,4,1
"516","A-089","One Week Post-Exposure","Yes, I have a smartphone with me.","iPhone","12","Snapchat",4,3,4,4,25,100,150,1,1,4,3,5,2,1,1,3,2,2,1,2,4,1
"517","A-089","One Week Post-Exposure","Yes, I have a smartphone with me.","iPhone","12","Youtube",3,2,4,4,25,100,150,1,1,4,3,5,2,1,1,3,2,2,1,2,4,1
"518","A-089","One Week Post-Exposure","Yes, I have a smartphone with me.","iPhone","12","LinkedIn",1,0,4,4,25,100,150,1,1,4,3,5,2,1,1,3,2,2,1,2,4,1
"519","A-123","One Week Post-Exposure","Yes, I have a smartphone with me.","iPhone","15","Instagram",3,4,5,7,25,30,50,2,1,3,3,1,4,5,2,4,3,3,2,3,4,5
"520","A-123","One Week Post-Exposure","Yes, I have a smartphone with me.","iPhone","15","Youtube",3,2,5,7,25,30,50,2,1,3,3,1,4,5,2,4,3,3,2,3,4,5
"521","A-095","One Week Post-Exposure","Yes, I have a smartphone with me.","iPhone","14","Instagram",3,3,7,2,5,15,25,2,2,5,3,0,1,1,4,5,5,2,1,4,5,2
"522","A-095","One Week Post-Exposure","Yes, I have a smartphone with me.","iPhone","14","Twitter",4,N/A,7,2,5,15,25,2,2,5,3,0,1,1,4,5,5,2,1,4,5,2
"523","A-095","One Week Post-Exposure","Yes, I have a smartphone with me.","iPhone","14","Facebook",0,0,7,2,5,15,25,2,2,5,3,0,1,1,4,5,5,2,1,4,5,2
"524","A-095","One Week Post-Exposure","Yes, I have a smartphone with me.","iPhone","14","Snapchat",1,2,7,2,5,15,25,2,2,5,3,0,1,1,4,5,5,2,1,4,5,2
"525","A-095","One Week Post-Exposure","Yes, I have a smartphone with me.","iPhone","14","Tiktok",5,3,7,2,5,15,25,2,2,5,3,0,1,1,4,5,5,2,1,4,5,2
"526","A-095","One Week Post-Exposure","Yes, I have a smartphone with me.","iPhone","14","Youtube",6,2,7,2,5,15,25,2,2,5,3,0,1,1,4,5,5,2,1,4,5,2
"527","A-095","One Week Post-Exposure","Yes, I have a smartphone with me.","iPhone","14","Reddit",2,1,7,2,5,15,25,2,2,5,3,0,1,1,4,5,5,2,1,4,5,2
"528","A-095","One Week Post-Exposure","Yes, I have a smartphone with me.","iPhone","14","Pinterest",0,1,7,2,5,15,25,2,2,5,3,0,1,1,4,5,5,2,1,4,5,2
"529","A-095","One Week Post-Exposure","Yes, I have a smartphone with me.","iPhone","14","Whatsapp",0,0,7,2,5,15,25,2,2,5,3,0,1,1,4,5,5,2,1,4,5,2
"530","A-114","One Week Post-Exposure","Yes, I have a smartphone with me.","iPhone","12","Instagram",4,2,6,5,15,20,30,2,4,4,3,7,5,5,4,5,3,2,2,4,4,1
"531","A-114","One Week Post-Exposure","Yes, I have a smartphone with me.","iPhone","12","Twitter",5,N/A,6,5,15,20,30,2,4,4,3,7,5,5,4,5,3,2,2,4,4,1
"532","A-114","One Week Post-Exposure","Yes, I have a smartphone with me.","iPhone","12","Snapchat",4,3,6,5,15,20,30,2,4,4,3,7,5,5,4,5,3,2,2,4,4,1
"533","A-114","One Week Post-Exposure","Yes, I have a smartphone with me.","iPhone","12","Tiktok",4,2,6,5,15,20,30,2,4,4,3,7,5,5,4,5,3,2,2,4,4,1
"534","A-114","One Week Post-Exposure","Yes, I have a smartphone with me.","iPhone","12","Youtube",3,1,6,5,15,20,30,2,4,4,3,7,5,5,4,5,3,2,2,4,4,1
"535","A-010","One Week Post-Exposure","Yes, I have a smartphone with me.","iPhone","15","Instagram",2,3,3,5,30,75,150,2,2,5,3,2,2,1,1,1,2,1,4,4,3,1
"536","A-010","One Week Post-Exposure","Yes, I have a smartphone with me.","iPhone","15","Snapchat",3,4,3,5,30,75,150,2,2,5,3,2,2,1,1,1,2,1,4,4,3,1
"537","A-010","One Week Post-Exposure","Yes, I have a smartphone with me.","iPhone","15","Tiktok",5,2,3,5,30,75,150,2,2,5,3,2,2,1,1,1,2,1,4,4,3,1
"538","A-010","One Week Post-Exposure","Yes, I have a smartphone with me.","iPhone","15","Youtube",3,0,3,5,30,75,150,2,2,5,3,2,2,1,1,1,2,1,4,4,3,1
"539","A-113","One Week Post-Exposure","Yes, I have a smartphone with me.","iPhone","14","Instagram",3,2,5,7,150,300,200,1,2,4,4,0,6,6,5,6,5,5,3,6,6,6
"540","A-113","One Week Post-Exposure","Yes, I have a smartphone with me.","iPhone","14","Twitter",3,N/A,5,7,150,300,200,1,2,4,4,0,6,6,5,6,5,5,3,6,6,6
"541","A-113","One Week Post-Exposure","Yes, I have a smartphone with me.","iPhone","14","Facebook",0,0,5,7,150,300,200,1,2,4,4,0,6,6,5,6,5,5,3,6,6,6
"542","A-113","One Week Post-Exposure","Yes, I have a smartphone with me.","iPhone","14","Snapchat",0,1,5,7,150,300,200,1,2,4,4,0,6,6,5,6,5,5,3,6,6,6
"543","A-113","One Week Post-Exposure","Yes, I have a smartphone with me.","iPhone","14","Tiktok",5,2,5,7,150,300,200,1,2,4,4,0,6,6,5,6,5,5,3,6,6,6
"544","A-084","One Week Post-Exposure","Yes, I have a smartphone with me.","iPhone","12","Instagram",3,2,4.5,5,70,60,100,3,2,3,2,5,2,4,6,1,1,1,2,4,5,1
"545","A-084","One Week Post-Exposure","Yes, I have a smartphone with me.","iPhone","12","Snapchat",3,4,4.5,5,70,60,100,3,2,3,2,5,2,4,6,1,1,1,2,4,5,1
"546","A-084","One Week Post-Exposure","Yes, I have a smartphone with me.","iPhone","12","Youtube",4,2,4.5,5,70,60,100,3,2,3,2,5,2,4,6,1,1,1,2,4,5,1
"547","A-084","One Week Post-Exposure","Yes, I have a smartphone with me.","iPhone","12","Pinterest",0,1,4.5,5,70,60,100,3,2,3,2,5,2,4,6,1,1,1,2,4,5,1
"548","A-050","One Week Post-Exposure","Yes, I have a smartphone with me.","iPhone","13","Instagram",5,2,4.5,5,30,30,100,3,6,3,2,4,3,1,1,4,3,4,2,5,5,3
"549","A-050","One Week Post-Exposure","Yes, I have a smartphone with me.","iPhone","13","Snapchat",2,2,4.5,5,30,30,100,3,6,3,2,4,3,1,1,4,3,4,2,5,5,3
"550","A-050","One Week Post-Exposure","Yes, I have a smartphone with me.","iPhone","13","Youtube",5,1,4.5,5,30,30,100,3,6,3,2,4,3,1,1,4,3,4,2,5,5,3
"551","A-115","One Week Post-Exposure","Yes, I have a smartphone with me.","iPhone","12","Instagram",3,2,6,4,50,70,100,2,3,4,3,3,5,5,3,4,2,3,2,4,4,1
"552","A-115","One Week Post-Exposure","Yes, I have a smartphone with me.","iPhone","12","Twitter",4,N/A,6,4,50,70,100,2,3,4,3,3,5,5,3,4,2,3,2,4,4,1
"553","A-115","One Week Post-Exposure","Yes, I have a smartphone with me.","iPhone","12","Snapchat",3,5,6,4,50,70,100,2,3,4,3,3,5,5,3,4,2,3,2,4,4,1
"554","A-115","One Week Post-Exposure","Yes, I have a smartphone with me.","iPhone","12","Tiktok",4,2,6,4,50,70,100,2,3,4,3,3,5,5,3,4,2,3,2,4,4,1
"555","A-115","One Week Post-Exposure","Yes, I have a smartphone with me.","iPhone","12","Youtube",3,1,6,4,50,70,100,2,3,4,3,3,5,5,3,4,2,3,2,4,4,1
